{"article_id": "9526612585289369866", "keywords": ["huron", "officer", "opp", "apartment", "woman", "speed", "puppies", "reported", "returned", "pilfered", "girl", "ring", "seven", "roundup"], "title": "OPP roundup: Seven puppies pilfered from apartment", "url": "https://www.therecord.com/news/waterloo-region/2022/11/06/opp-roundup-seven-puppies-pilfered-from-apartment.html", "domain": "therecord.com", "authors": ["Gordon Paul", "Record Reporter"], "summary": "An occasional roundup of unusual events reported by the Ontario Provincial Police:Police are hunting for a dognapper.\nSomeone broke into an apartment in Trenton, near Belleville, last month and stole an adult dog and a litter of seven cane corso puppies, a mastiff breed.\n\u201cThe adult dog was left abandoned at the apartment building hours later; however, the seven puppies are still missing,\u201d police said.\nAn eight-year-old girl returned to her home in Hawkesbury, east of Ottawa, on Halloween night to find an expensive ring in her treat bag.\n\u201cThe family reported the found ring to the OPP the next day,\u201d police said."}