{"article_id": "4209202288835675421", "keywords": ["dogs", "child", "lead", "owner", "pet", "dog", "responsible", "leash", "public", "friend", "owners"], "title": "Owners have to take the lead and be responsible for dogs", "url": "https://www.echolive.ie/corkviews/arid-41022374.html", "domain": "echolive.ie", "authors": ["Tue", "Dec", "Kathriona Devereux"], "summary": "The dog owner, in a fluster, threw around trite apologies, the dog \u201cdidn\u2019t mean it\u201d, he was just being \u201cfriendly\u201d and he \u201cloved kids\u201d.\nIt has been said before but it bears repeating - there are no laws for dogs, there are laws for dog owners.\nThe basics are - dogs must be on a lead in a public place, owners must have a licence, and dogs must wear a collar with the name and address of the owner.\nOf course, there are plenty of adorable dogs and attentive and responsible owners out there, and I recognise the love and friendship a dog can bring to a home.\nThe solution is clear, though, and is the mantra that all dog owners should live by - keep your dog on a leash."}