{"article_id": "14889087520977213809", "keywords": ["traffic", "way", "group", "road", "property", "seeks", "planning", "arena", "community", "graffiti", "ramona", "dangers", "county", "coyote", "alert"], "title": "Ramona Planning Group seeks to alert community about coyote dangers", "url": "https://www.sandiegouniontribune.com/ramona-sentinel/news/story/2022-12-02/ramona-planning-group-seeks-to-alert-community-about-coyote-dangers", "domain": "sandiegouniontribune.com", "authors": [], "summary": "A report of two recent Ramona coyote attacks has prompted the Ramona Community Planning Group to seek assistance from the county and U.S Fish and Wildlife Service.\nHiker Stan Dvorak told the Planning Group Dec. 1 about two coyote attacks at Barnett Ranch County Preserve.\nPlanning Group member Debbie Foster said coyotes in her path generally have run away when they\u2019ve seen her, so the aggressive behavior seems unusual.\nThe signs are proposed at Gunn Stage Road at Arena Way, Arena Drive at Del Amo Road, Arena Drive at Arena Way, Arena Way at Open View Road, Arena Way at Vista Ramona Road, and Vista Ramona Road at Sargeant Road.\nPlanning Group Chairwoman Robin Joy Maxson said the installation of just stop signs would be a phased approach to calming traffic, with county traffic engineers continuing to study their effectiveness."}