{"article_id": "9955500328873238205", "keywords": ["list", "number", "likely", "breeds", "bites", "bite", "dog", "dogs", "claims", "insurance"], "title": "Which are the dog breeds most likely to bite?", "url": "https://www.walesonline.co.uk/news/wales-news/dogs-most-likely-bite-uk-24246918", "domain": "walesonline.co.uk", "authors": ["Rhodri Harrison", "Image", "Pete Stonier", "Stoke Sentinel"], "summary": "As for which breeds are more likely to bite you, it's not easy to say, as NHS data does not register specific dog breeds when an individual is admitted into hospital due to a dog strike or bite.\nSo, which are the breeds most likely to bite?\nAs stated, it's tricky to deliver a definitive list, as many dog bites may be minor and are never reported to authorities or result in insurance claims.\nInsurance company Star has, however, come up with a list of dogs most likely to bite, based on figures from Merseyside Police.\nIt did not mean they were the breeds most likely to bite or fight."}