{"article_id": "11742081284494811728", "keywords": ["dog", "oct", "block", "woodlawn", "walk", "western", "village", "yard", "resident", "reported", "reports", "willow", "blotter", "springs", "attacked"], "title": "Western Springs blotter: Resident reports their dog attacked by another dog", "url": "https://www.chicagotribune.com/suburbs/western-springs/ct-dws-western-springs-police-blotter-tl-1110-20221107-6hdiwgof2vbrpmgi3fzxcz7p5m-story.html", "domain": "chicagotribune.com", "authors": [], "summary": "The following items were taken from area police department reports and releases.\nAn arrest does not constitute a finding of guilt.\nWestern SpringsDog biting incidentAdvertisementA resident on the 5400 block of Woodlawn Drive reported that at 10:23 a.m. Oct. 23, their dog was attacked on its morning walk by another dog that escaped its yard.\nNo injuries results, but the owner of the attacking dog was given a village citation for animal at large.\nDeceptive practiceAdvertisementA resident on the 4700 block of Willow Springs Road reported at 8:46 Oct. 25 that someone presented a counterfeit Coinstar receipt at Mariano\u2019s and the store paid out the cash."}