{"article_id": "9372853370903386648", "keywords": ["information", "lyric", "richard", "probed", "allen", "going", "fears", "delphi", "dads", "elizabeth", "investigation", "suspect", "killer", "girls", "drew", "say", "serial", "murdered", "case"], "title": "Delphi suspect Richard Allen is probed as part of investigation into 2 murdered cousins amid dad\u2019s serial killer fears", "url": "https://www.the-sun.com/news/6605583/delphi-suspect-cold-case-child-murder-evansdale-link/", "domain": "the-sun.com", "authors": ["Luke Kenton"], "summary": "Allen has also not been accused of any wrongdoing in connection with the deaths of Elizabeth and Lyric.\n\"We are aware of Mr. Allen and have taken appropriate steps to evaluate him through our known case facts.\n\u201cThat guy [Richard Allen] wasn\u2019t even on anybody\u2019s radar, which just shows you these things can take time,\u201d said Drew, 51.\nCandlelight vigils, volunteer searches, and press conferences were all held but still, no trace of Elizabeth and Lyric was yielded.\n12 Richard Allen is seen pictured with a composite of the Delphi suspect behind him"}