{"article_id": "2699685554498287543", "keywords": ["woman", "eastern", "news24", "sister", "sudden", "told", "death", "zimkhitha", "family", "cape", "mauled", "gaga", "bulls", "pit", "pain"], "title": "'Her death was too sudden', we are in pain - family of Eastern Cape woman mauled by pit bulls", "url": "https://www.news24.com/news24/southafrica/news/her-death-was-too-sudden-we-are-in-pain-family-of-eastern-cape-woman-mauled-by-pit-bulls-20221202", "domain": "news24.com", "authors": ["Cebelihle Bhengu", "Iavan Pijoos"], "summary": "The family of an Eastern Cape woman who was mauled to death by three pit bulls doesn't want the attack to erase memories of her life.\nNomhle Gaga told News24 that her sister, Zimkhitha, was independent and ambitious.\nZimkhitha was attacked by three pit bulls on her way to work on Sunday morning.\nThese were the words of Nomhle Gaga, the sister of Zimkhitha Gaga, the Eastern Cape woman who was mauled by three pit bulls on Sunday.\nEastern Cape police spokesperson, Colonel Priscilla Naidu, said the owner of the pit bulls lived in the vicinity."}