{"article_id": "10614920406438164063", "keywords": ["yard", "dead", "road", "scene", "vicious", "worker", "dogs", "work", "timepolice", "greenbank", "safe", "attack", "dog", "residence"], "title": "Worker dead after vicious attack by three dogs", "url": "https://7news.com.au/news/man-mauled-in-vicious-dog-attack-south-of-brisbane-c-9048348", "domain": "7news.com.au", "authors": ["Amy Sinclair", "Joel Martelli", "Ailish Delaney", "Molly Magennis", "Digital Staff"], "summary": "Work Safe Australia has been notified after a Queensland man, an Energex worker, was killed in a vicious dog attack in Logan, south of Brisbane.\nPolice and emergency service units were called to a private residence on Ison Road in Greenbank at 10.42am on Saturday.\nAn unconscious male was found lying in the front yard of a fenced property with serious injuries from a dog attack.\nPolice have confirmed that they located three dogs inside the yard who were handed over to local council animal control officers.\nCredit: SuppliedWork Safe Australia have been notified about the incident as the Energex worker was conducting work in the Greenbank area at the time."}