{"article_id": "5132598725821882105", "keywords": ["free", "list", "experts", "heatstroke", "breeds", "bulldog", "french", "dog", "dogs", "share", "types", "temperature", "risk", "rspca", "heatwave"], "title": "Dog experts share nine breeds most at risk during the heatwave", "url": "https://www.birminghammail.co.uk/news/midlands-news/dog-experts-share-nine-breeds-24246181", "domain": "birminghammail.co.uk", "authors": ["James Rodger", "Image", "Sheba_Also Photos"], "summary": "Never miss breaking news by signing up to our free email updatesThe nine dog breeds set to be most at risk of the heatwave today have been shared by experts.\nDog experts have spoken out as the temperature hits a staggering 34C.\nThe full list is: Chow chow, Bulldog, French bulldog, French mastiff and Greyhounds.\n\"Some types of dogs are more prone to heatstroke, like very old or young dogs, dogs with thick, heavy coats or dogs with very short flat faces like pugs and bulldog types.\"\nIt continued: \"Dogs with certain diseases or on some types of medication are also more at risk.\""}