{"article_id": "611991148964132468", "keywords": ["vehicle", "shooting", "crime", "wayne", "3yearold", "threeyearold", "scene", "hospitalized", "shot", "street", "parents", "goldsboro"], "title": "3-year-old shot, hospitalized in Goldsboro: police", "url": "https://www.cbs17.com/news/local-news/3-year-old-shot-hospitalized-in-goldsboro-police/", "domain": "cbs17.com", "authors": ["Ashley Anderson", "Brea Hollingsworth"], "summary": "GOLDSBORO, N.C. (WNCN) \u2014 A three-year-old in Goldsboro was injured in a drive-by shooting Thursday morning while riding in a car with parents Monquize Davis and Juaneneshia Armstrong on Slocumb Street in Goldsboro, police said.\nThe three-year-old was the only individual that was shot and neither of the two parents sustained injuries, police also said.\nPolice said initial responding units were called to the 900 block of Hugh Street, where the parent\u2019s vehicle came to a stop after the shooting.\nAll available resources were diverted to this shooting, Goldsboro police said.\nPolice have confirmed one person was shot and taken to the hospital from the second scene."}