{"article_id": "5144798164163844688", "keywords": ["lions", "project", "wildlife", "lion", "mountain", "cougar", "video", "ranch", "border", "california", "northern", "collie", "p1", "shows", "living", "drag"], "title": "Video shows mountain lion drag border collie from Northern California home", "url": "https://ktla.com/news/california/video-northern-california-mountain-lion-drags-border-collie-out-of-house/", "domain": "ktla.com", "authors": ["Amy Larson", "Terisa Estacio"], "summary": "Video sent to KRON shows a snarling mountain lion standing over a motionless dog.\nThe mountain lion killed two goats before it was euthanized by state wildlife biologists over the weekend.\nCrane said it was fortunate that the mountain lion did not target a small child.\nShe was very old for a mountain lion which may have led to issues related to aging including tooth wear, slowed responses, weakened senses, and possibly other health issues.\nSome top takeaways about P1: she was estimated to be about 15-16 years old \u2014 a rare age among wild mountain lions."}