{"article_id": "15883827151840085097", "keywords": ["didnt", "violence", "hooch", "brutal", "warwick", "left", "dog", "wes", "morning", "victim", "attack", "family"], "title": "Brutal dog attack", "url": "https://cqtoday.com.au/news/2022/12/09/brutal-dog-attack/", "domain": "cqtoday.com.au", "authors": ["Https", "Cqtoday.Com.Au Author Jimjin"], "summary": "By Leonie Fuge, Warwick TodayA father and his children were shocked to find their beloved pet dog left dead on the footpath in front of their home in suspicious circumstances.\nPet owner Wes Baker is convinced his dog, Hooch, was the victim of violence.\nBut when Hooch didn\u2019t come home on Friday 18 November, Wes said he \u201chad a sixth sense that something was wrong\u201d.\nWes is convinced the dog was the victim of a violent attack and not hit by a car.\n\u201cSomeone may have seen Hooch or have dashcam footage of early Saturday morning, I just want to know what happened,\u201d said Wes."}