{"article_id": "14943324987485095803", "keywords": ["really", "schuylkill", "dogs", "filthy", "arrested", "city", "officers", "mansell", "conditions", "attack", "man", "animals", "county", "dog", "took", "removed"], "title": "Man arrested, dogs found in filthy conditions in Schuylkill County", "url": "https://www.wnep.com/article/news/local/schuylkill-county/man-arrested-dogs-found-in-filthy-conditions-in-schuylkill-county-mahanoy-city-aggravated-assault-animal-cruelty/523-923d261f-4a2e-4d59-9f46-47b407b24ac0", "domain": "wnep.com", "authors": [], "summary": "Officers removed dogs removed from a home in Schuylkill County after the owner allegedly tried to set one of the animals loose to attack them.\nExample video title will go here for this videoMAHANOY CITY, Pa. \u2014 Humane officers removed eight dogs from a home on South Main Street in Mahanoy City on Friday.\nHumane Officer Dana Mansell says she was shocked when she saw the dogs and how they were living.\n\"Downstairs is obviously deplorable conditions \u2014 feces all over, dogs standing in crates that had several inches of wet newspaper from urine.\nThat dog didn't attack any officers, but it did attack one of the dogs humane officers took from the home."}