{"article_id": "12759373210515946950", "keywords": ["mall", "cocaine", "movie", "national", "viral", "bear", "based", "bag", "duffel", "kentucky", "kinda", "film", "drug", "ap", "true"], "title": "Viral \u2018Cocaine Bear\u2019 movie is based on a true story (kinda)", "url": "https://abc-7.com/cnn-entertainment/2022/12/03/viral-cocaine-bear-movie-is-based-on-a-true-story-kinda/", "domain": "abc-7.com", "authors": [], "summary": "(CNN) \u2014 If you\u2019ve seen the astonishing trailer for \u201cCocaine Bear\u201d making the rounds on Twitter, you might have questions about the film\u2019s claim that it is \u201cinspired by true events.\u201d But the story is indeed based on the true story of a bear who overdosed on cocaine in the 1980s.\nIn the film, the bear goes on a cocaine-fueled killing spree after its drug binge.\nIn real life, the story has a less sensational ending: The bear was found dead in Chattahoochee National Forest after overdosing.\nThe black bear was found dead near a duffel bag and 40 packages of cocaine, ripped open and scattered over the hillside.\nIt\u2019s unclear from the AP report exactly how much cocaine the bear consumed \u2014 but the duffel bag would have originally contained around 88 pounds of the powerful drug."}