{"article_id": "10432704961958118743", "keywords": ["crash", "wall", "cortez", "71yearold", "road", "indiana", "pickup", "collide", "man", "truck", "collided", "trucks", "bradenton", "7th", "dies"], "title": "71-year-old man dies in crash after pickup trucks collide with wall", "url": "https://abc-7.com/news/2022/12/02/71-year-old-man-dies-in-two-crash-after-pickup-trucks-collide-with-wall/", "domain": "abc-7.com", "authors": ["Tyler Watkins"], "summary": "MANATEE COUNTY, Fla. \u2014 A 71-year-old man from Indiana died in a two-vehicle crash near Cortez Road and 7th Street.\nThe Indiana man was driving a pickup truck west on Cortez Road in the left turn lane.\nThe second pickup truck involved, driven by a 56-year-old Bradenton man, was traveling east on Cortez Road in the outside lane.\nFHP said the Indiana man\u2019s truck then collided with a wall on the eastbound shoulder and the Bradenton man\u2019s truck collided with the wall and a fence.\nThe Indiana man died, and the Bradenton man suffered serious injuries, according to FHP."}