{"article_id": "8778336568136055110", "keywords": ["elderly", "dog", "come", "lion", "inside", "wildlife", "mountain", "attacks", "sherman", "house", "video", "cracker", "california", "moments", "shows", "rosa", "dragging"], "title": "Video shows moments after mountain lion attacks dog, dragging elderly animal out of California home", "url": "https://abc7chicago.com/mountain-lion-attack-california-news-dog/12544704/", "domain": "abc7chicago.com", "authors": [], "summary": "Mountain lion in Santa Rosa must have come in through sliding door, woman saidVideo shows the moments after a mountain lion dragged a dog out of a Santa Rosa home.\nSANTA ROSA, Calif. -- Shocking video shows the moments after a mountain lion dragged an elderly dog out of a California home.\nPanicked, she called her neighbor, who was able to scare the mountain lion away with a warning gunshot.\nRELATED: Mountain lion struck and killed on I-88 in Chicago area likely came from out west, IDNR saysA few hours later, she decided to take the dogs out to use the bathroom before bed, not knowing that the mountain lion was still nearby.\nVIDEO: Mountain lion found trapped inside Bay Area high school classroomIt would take Fish and Wildlife officials five more days to catch and euthanize the mountain lion, which they say was old and senile."}