{"article_id": "14796152572094135787", "keywords": ["uttar", "thakur", "9yearold", "complaint", "attacked", "pit", "stray", "uttarakhand", "dog", "informed", "underway", "owner", "attacks", "registered", "bull"], "title": "Pit Bull Attacks 9-Year-Old In Uttarakhand, Complaint Registered", "url": "https://www.ndtv.com/india-news/pit-bull-attacks-9-year-old-in-uttarakhand-complaint-registered-3580190", "domain": "ndtv.com", "authors": [], "summary": "A 9-year-old boy was attacked by a pit-bull dog in Haridwar on Monday, informed the police.\nCity Circle Officer Manoj Kumar Thakur informed reporters that a complaint was registered against the owner of the dog.\n\"The child's father lodged a complaint and on the basis of which a case was registered against the owner of the dog, Shubham, under section 289 of the Indian Penal Code (IPC).\nEarlier in October, a one-year-old child was killed after he was bitten by a stray dog in Noida, Uttar Pradesh.\nIn September, a 12-year-old girl died after she was attacked by a stray dog."}