{"article_id": "11757670266740038362", "keywords": ["children", "authorized", "vaccines", "young", "covid19", "vaccine", "kids", "vaccinated", "pfizer", "health", "know", "fda", "parents"], "title": "The FDA has authorized Covid-19 vaccines for children under 5. What should parents know?", "url": "https://www.cnn.com/2022/06/18/health/children-under-5-covid-vaccine-explainer-wellness/index.html", "domain": "cnn.com", "authors": ["Katia Hetter"], "summary": "(CNN) The US Food and Drug Administration gave emergency use authorization on Friday for both the Pfizer/BioNTech and Moderna vaccines for young children.\nWhen will vaccines be available to young kids, and how will families access them?\nIt's been a year and a half since adults first started getting the Covid-19 vaccine.\nParents are used to getting kids vaccinated there, and the pediatrician will know when and if they plan on giving the Covid-19 vaccine.\nYou could also contact your local pharmacies, though note that many pharmacies may not be equipped to provide shots to young kids."}