{"article_id": "9449974287775827510", "keywords": ["dogs", "29", "died", "wrong", "try", "reported", "incident", "attack", "went", "mauled", "pitbulltype", "warwickshire", "dog", "dies", "attacked"], "title": "Dog dies after being mauled by three Pitbull-type dogs in attack", "url": "https://www.coventrytelegraph.net/news/local-news/dog-dies-after-being-mauled-25451858", "domain": "coventrytelegraph.net", "authors": ["Claire Harrison", "Image", "Reach"], "summary": "Invalid email Something went wrong, please try again later.\nOur free email updates are the best way to get headlines direct to your inboxA dog attacked by three Pitbull-type dogs in North Warwickshire has died.\nWarwickshire Police has revealed that the dog which was attacked in Mancetter on October 29 died on November 2.\nInitially there was some confusion about whether the dog had died in the attack.\nA Warwickshire Police spokesman said: \"Three dogs were reported to have attacked another dog in Church Walk, Mancetter on 29 October."}