{"article_id": "2764385096771458515", "keywords": ["dog", "thought", "tells", "told", "going", "die", "sign", "screaming", "pit", "savaged", "bulltype", "terror", "pensioner", "nose", "warning", "skull", "popped"], "title": "'I thought I was going to die': Pensioner savaged by 'pit bull-type' dog in bloodbath tells of her terror", "url": "https://www.manchestereveningnews.co.uk/news/uk-news/i-thought-going-die-pensioner-24289114", "domain": "manchestereveningnews.co.uk", "authors": ["Paul Byrne"], "summary": "Sign up for our daily newsletter to get the day's biggest stories sent direct to your inboxA pensioner who was savaged by a 'pit bull-type' dog has told how she feared she was about to die.\nDavid must have heard me screaming because he rushed out and dived on it, pinning it to the floor.\"\nA warning sign on the owner\u2019s gate said 'Beware of dogs'.\nI am an animal lover but with this dog I would have to say put it down.\nThe doctors told me it would take a year for the injuries in my head to heal.\""}