{"article_id": "2862051334069543797", "keywords": ["car", "hitandrun", "hes", "far", "held", "family", "twin", "chicago", "vehicle", "james", "recovered", "didnt", "hit", "life", "boy", "vigil", "killed", "student", "live", "honor"], "title": "'He didn't get to live his life': Car recovered, vigil to be held after boy killed in hit-and-run", "url": "https://abc7chicago.com/lawndale-hit-and-run-crash-west-16th-street-chicago-police-cpd/11965406/", "domain": "abc7chicago.com", "authors": ["Jessica D'Onofrio", "Eric Horng"], "summary": "Investigators said when they found the abandoned car, the license plates had been removed.The impact from the crash was so violent, James was thrown nearly half a block.\nA balloon release is planned for later Friday evening to honor James, who left behind a twin brother.\nRight now he's in there watching TV,\" said 38 Nikita Harrison, James' aunt.Many of James' relatives gathered Friday evening.\n\"James was an honor roll student at Herzl Elementary.\n\"He has a family that really loves him; he's an honor roll student."}