{"article_id": "6535374220110362960", "keywords": ["lieutenant", "owners", "animal", "say", "kills", "pit", "woman", "bull", "woundscsi", "attacked", "dog", "shoots", "vegas", "officer", "las", "taken", "attacking"], "title": "Officer shoots, kills dog attacking its owners, police say", "url": "https://www.fox10tv.com/2022/06/07/officer-shoots-kills-dog-attacking-its-owners-police-say/", "domain": "fox10tv.com", "authors": [], "summary": "LAS VEGAS, Nev. (FOX5/Gray News) - An officer shot and killed a dog Monday night after the animal attacked its owners, according to the North Las Vegas Police Department.\nKVVU reports a neighbor helped a police lieutenant find the woman being attacked by the dog.\nPolice say the pit bull charged at the lieutenant who discharged his firearm.\n\u201cIn doing so, he saved the woman from being further attacked,\u201d police said.\nCSI was called to the scene and the pit bull was taken to the Animal Foundation, but police confirmed the animal succumbed to its injuries."}