{"article_id": "16623227517793940738", "keywords": ["prosecutors", "jackson", "plea", "man", "21", "shot", "lady", "dog", "prison", "violent", "walker", "sentenced", "shooting", "office", "mr", "gagas"], "title": "Man Is Sentenced to 21 Years in Shooting of Lady Gaga\u2019s Dog Walker", "url": "https://www.nytimes.com/2022/12/05/us/lady-gaga-dog-walker-shooting-sentence.html", "domain": "nytimes.com", "authors": ["Michael Levenson"], "summary": "A man who shot Lady Gaga\u2019s dog walker during a violent robbery last year during which two of the singer\u2019s French bulldogs were stolen was sentenced on Monday to 21 years in prison, prosecutors said.\nThe man, James Howard Jackson, reached a deal with prosecutors under which he pleaded no contest to one count of attempted murder and admitted to inflicting great bodily injury and to \u201ca prior strike,\u201d according to the Los Angeles County District Attorney\u2019s Office.\nMr. Jackson, 20, was immediately sentenced to 21 years in state prison, the district attorney\u2019s office said.\n\u201cThe plea agreement holds Mr. Jackson accountable for perpetrating a coldhearted, violent act and provides justice for our victim,\u201d the office said in a statement.\nRyan Fischer, the dog walker who was shot in the chest during the attack on Feb. 24, 2021, in Hollywood, spoke directly to Mr. Jackson in court shortly before Mr. Jackson entered his plea, Rolling Stone reported."}