{"article_id": "17211223561121602312", "keywords": ["dogs", "terrier", "russell", "man", "arrested", "reportedly", "sustained", "dies", "large", "newport", "attacked", "injuries", "message", "dog", "attack"], "title": "Man arrested after terrier dies of injuries sustained in dog attack", "url": "https://www.walesonline.co.uk/news/wales-news/man-arrested-dog-attack-newport-25692487", "domain": "walesonline.co.uk", "authors": ["Ryan O'Neill", "Image", "Google Maps"], "summary": "A man has been arrested after two dog attacks at the weekend saw one dog killed and another injured.\nOfficers say a Jack Russell terrier was injured after reportedly being attacked by two large dogs on Thirlmere Place at around 10.50am on Saturday.\nA second dog, a Patterjack terrier, was also reportedly attacked by two large dogs on nearby Caerleon Road at around 11.10am and later died from his injuries.\nTwo large dogs reportedly attacked and injured the Jack Russell terrier.\nA second dog, a Patterjack terrier, was also reportedly attacked by two large dogs and later died from his injuries in Caerleon Road at around 11.10am."}