{"article_id": "18270258880921145045", "keywords": ["1yearold", "woman", "witness", "car", "girl", "say", "recounts", "hate", "north", "fight", "park", "shooting", "memphis", "bruce", "askew", "dead", "left", "shot", "celeste"], "title": "Witness recounts shooting at North Memphis park that left 1-year-old girl dead", "url": "https://www.actionnews5.com/2022/11/07/witness-recounts-shooting-north-memphis-park-that-left-1-year-old-girl-dead/", "domain": "actionnews5.com", "authors": [], "summary": "Memphis police say 19-year-old Juanita Bruce got into a fight with the toddler\u2019s mother, Kavious Askew, at the park.\nCeleste said she went towards the fight to see what was going on when she saw Bruce pull out a gun.\n\u201cIt was shot after shot after shot, ya know?\u201d Celeste said.\nPolice say Askew was shot in the leg and found on the ground near her 2013 Nissan Altima.\nAccording to a police report, Bruce admitted to purposely shooting and seriously injuring Askew after the fight broke out."}