{"article_id": "8146342454359394034", "keywords": ["wildlife", "dogs", "dog", "livestock", "attacks", "volunteer", "canterbury", "trust", "sittingbourne", "kent", "attack", "attacked", "sheep"], "title": "Kent Wildlife Trust volunteer and sheep attacked by dogs in Sittingbourne and Canterbury", "url": "https://www.kentonline.co.uk/sittingbourne/news/the-dogs-surrounded-and-attacked-me-from-all-sides-278549/", "domain": "kentonline.co.uk", "authors": [], "summary": "A wildlife volunteer has spoken of the terrifying moment they were attacked by loose dogs at a park.\nKent Wildlife Trust has issued an appeal following multiple incidents of dog attacks on people and livestock across the county, including today's in Sittingbourne.\nPhoto: Kent Wildlife TrustWarning: Graphic images belowThe volunteer was attacked this morning while completing livestock checks at Queendown Warren Nature Reserve.\nPhoto: Kent Wildlife TrustA sheep killed in a dog attack in Canterbury.\nAnyone with information about the attacks should call police on 01843 222289, quoting reference 06-0682 for the sheep attack in Canterbury or reference CAD 08-0398 for the volunteer attack in Sittingbourne."}