{"article_id": "17773916541624405051", "keywords": ["son", "dogs", "siaya", "incident", "rottweiler", "looks", "12", "left", "boy", "10yearold", "death", "friend", "mauled", "neighbours", "attacked", "subcounty"], "title": "Siaya: 10-Year-Old Boy Mauled to Death by 12 Dogs as Friend Looks On", "url": "https://www.tuko.co.ke/kenya/counties/486312-siaya-family-inconsolable-12-dogs-attack-kill-son/", "domain": "tuko.co.ke", "authors": ["Jackson Otukho"], "summary": "The 10-year-old was attacked and mauled to death by their neighbour's 12 dogs.\nIn the Tuesday, December 6, incident, the minor was attacked and mauled to death by their neighbour's 12 dogs which had been left unattended.\nConfirming the incident, West Migwena Assistant Chief Benard Nyerere said the deceased was in the company of a neighbour's son, who had left the canines to roam freely.\nBody recoveredThe deceased's parents realised something was wrong when the neighbour's son returned home alone, Citizen reported.\nMother, son mauled by RottweilersIn a separate incident, rottweiler dogs attacked and killed a mother and son."}