{"article_id": "10696476673806822610", "keywords": ["white", "briefing", "team", "house", "shots", "vaccines", "dr", "sites", "postpones", "covid19", "children", "response", "young"], "title": "White House COVID-19 response team postpones briefing on vaccines for young children", "url": "https://www.weau.com/2022/06/21/white-house-covid-19-response-team-discuss-vaccines-young-children/", "domain": "weau.com", "authors": [], "summary": "(Gray News) - The White House COVID-19 response team and federal public health officials postponed a briefing that had been scheduled for Tuesday to provide an update on the COVID-19 vaccines available for children younger than 5 years old.\nThe briefing has been moved to Thursday, the White House announced.\nParticipants in the briefing are expected to include Dr. Anthony Fauci, director of the National Institute of Allergy and Infectious Diseases and chief medical advisor to the president, Dr. Ashish Jha, White House COVID-19 response coordinator, and Dr. Rochelle Walensky, director of the Centers for Disease Control and Prevention.\nThe Food and Drug Administration approved the Moderna and Pfizer vaccines for young children on Friday, with the CDC signing off on them on Saturday.\nRon DeSantis said his state will not preorder COVID-19 vaccines for young kids."}