{"article_id": "6689277865974928236", "keywords": ["dogs", "facetoface", "entering", "space", "fence", "outlines", "expert", "dog", "signs", "angry", "behaviour", "away", "confronted", "meter"], "title": "Expert outlines what not to do if confronted by an angry dog", "url": "https://www.nzherald.co.nz/lifestyle/expert-outlines-what-not-to-do-if-confronted-by-an-angry-dog/INVUK2F5DVER5KMDMG6UHDVH5Y/", "domain": "nzherald.co.nz", "authors": [], "summary": "A dog behaviour expert has outlined what you must not do if you find yourself face-to-face with an angry dog.\nPhoto / 123rfA dog behaviour expert has outlined what you must not do if you find yourself face-to-face with an angry dog.\nPhoto / 123rfA dog behaviour expert has outlined what you must not do if you find yourself face-to-face with an angry dog.\nThe signs dogs typically show before an attack can be easily missed.\nThese are signs that the dog is scared of you and does not want you to approach,\u201d she said."}