{"article_id": "8340287021187293385", "keywords": ["sitting", "toddler", "hit", "shooting", "cbs", "hours", "driveby", "shootout", "george", "injured", "n", "shot", "street", "woman", "17", "goldsboro"], "title": "Woman injured in Goldsboro shootout just hours after toddler hit in drive-by", "url": "https://www.cbs17.com/news/local-news/wayne-county-news/woman-bystander-injured-in-goldsboro-shootout-just-hours-after-toddler-hit-in-drive-by/", "domain": "cbs17.com", "authors": ["Kayla Morton"], "summary": "GOLDSBORO, N.C. (WNCN) \u2013 A woman sitting on her Goldsboro porch Thursday afternoon was hit by a stray bullet just hours after a toddler was injured in a drive-by shooting, police said.\nThe woman was hit by gunfire when there was a shootout between the occupant of a vehicle traveling on George Street and a pedestrian, according to a \u201cpreliminary investigation,\u201d the news release said.\nJust after 11 a.m. Thursday, a three-year-old was injured after police ruled the drive-by was attempted first-degree murder on Slocumb Street in Goldsboro, police said.\nHowever, officers did not have information on the person shot in the vicinity of Fussell and N. George and did not know if the two were connected, the CBS 17 crew confirmed.\nHowever, CBS 17 reached out directly to Goldsboro police Thursday night asking if the woman sitting on her porch was the same shooting in reference by police earlier in the day."}