{"article_id": "12283442457398563551", "keywords": ["dogs", "attacks", "carrier", "mail", "postal", "dog", "owners", "cities", "states", "oh", "workers", "usps", "service"], "title": "Which cities and states have most dog attacks on USPS postal workers?", "url": "https://kdvr.com/news/nationalworld-news/which-cities-and-states-have-most-dog-attacks-on-usps-postal-workers/", "domain": "kdvr.com", "authors": ["Sareen Habeshian", "Nexstar Media Wire"], "summary": "(KTLA) \u2014 If you are a mail carrier, you probably know the dread of approaching a home that has a dog.\nPostal Service on Thursday released rankings of 2021 dog attacks by city as part of National Dog Bite Prevention Week.\nPostal Service.\nLast year, many attacks reported by letter carriers came from dogs whose owners regularly stated, \u201cMy dog won\u2019t bite,\u201d according to USPS.\nIf a dog attacks, carriers are trained to stand their ground and protect their body by placing something between them and the dog \u2014 such as their mail satchel \u2014 and use dog repellent if necessary, USPS said."}