{"article_id": "7788283270385598550", "keywords": ["inboxfind", "qld", "killed", "weve", "reportedly", "man", "newsletter", "delivered", "attack", "dog", "learn"], "title": "Man reportedly killed in Qld dog attack", "url": "https://thewest.com.au/news/disaster-and-emergency/man-reportedly-killed-in-qld-dog-attack-c-9048445", "domain": "thewest.com.au", "authors": ["Staff Writers"], "summary": "Learn more We\u2019ve got a newsletter for everyone.\nGet the news you want delivered to your inbox.\nFind out More"}