{"article_id": "2716504379117359066", "keywords": ["family", "cross", "xl", "enniscorthy", "wexford", "dog", "attack", "injured", "woman", "brother", "connection", "boy", "pitbull", "questioned", "seriously", "support"], "title": "Wexford woman arrested in connection with Enniscorthy dog attack in which boy seriously injured by pitbull cross", "url": "https://www.independent.ie/regionals/wexford/news/woman-arrested-in-connection-with-wexford-dog-attack-in-which-boy-seriously-injured-42195775.html", "domain": "independent.ie", "authors": [], "summary": "Alejandro Miszan, who was injured in the dog attack, with his brother Raul.\nA woman in her 30s has been released from custody in County Wexford after being questioned in Enniscorthy Garda Station following her arrest for endangerment, arising out of the investigation into the dog attack that left a 9-year-old boy with serious injuries.\nThe woman, who is in her 30s and is local, was arrested at Enniscorthy Garda Station at 10 a.m. on Monday, December 5.\nSuch was the extent of his injuries that he was airlifted from Enniscorthy to Crumlin Children\u2019s Hospital where he is being treated.\nThe woman who was questioned in Enniscorthy was the second person to be arrested arising out of the investigation into the attack."}