{"article_id": "7898956109346856216", "keywords": ["heres", "bulls", "terriers", "dogs", "pound", "bull", "director", "paws", "humane", "dog", "american", "shelter", "executive", "look", "pit"], "title": "Here\u2019s why so many Columbus pound and shelter dogs look like pit bulls, says Paws Humane executive director", "url": "https://www.wrbl.com/news/local-news/columbus/heres-why-so-many-columbus-pound-and-shelter-dogs-look-like-pit-bulls-says-paws-humane-executive-director/", "domain": "wrbl.com", "authors": ["Cole Trahan"], "summary": "At both locations, many if not most of the dogs look like they could be pit bulls or pit bull mixes.\nPaws Humane Society Executive Director Courtney Pierce said the phenomenon is nothing new and cautioned against assuming the dogs\u2019 breeds.\nPit bulls, also known as American pit bull terriers or pit bull terriers, are not recognized as a distinctive breed American Kennel Club, according to Britannica.\nThe term \u201cpit bull\u201d has historically been applied to different types of dogs such as bull terriers, American Staffordshire terriers and Staffordshire bull terriers.\nThe United Kennel Club first recognized pit bulls as a breed in 1898, calling them American pit bull terriers."}