{"article_id": "14679480845448001306", "keywords": ["dogs", "located", "morning", "multiple", "queensland", "road", "fighting", "services", "left", "called", "paramedics", "life", "attack", "scene", "man", "mauled", "greenbank"], "title": "Greenbank Queensland: Man mauled in attack by 'multiple' dogs is left fighting for life", "url": "https://www.dailymail.co.uk/news/article-11497317/Greenbank-Queensland-Man-mauled-attack-multiple-dogs-left-fighting-life.html", "domain": "dailymail.co.uk", "authors": ["Hannah Moore", "Hannah Moore For Nca Newsire"], "summary": "A contractor for an energy company has died after he was attacked by multiple dogs at a home in Greenbank, Queensland.\nEmergency services were called to a home on Ison Road about 10.45am on Saturday morning, where paramedics located a 42-year-old man with critical injuries.\nA man is fighting for life after being mauled by 'multiple dogs' at a property at Greenbank, Queensland on Saturday morning (stock image)Emergency services were called to a home on Ison Road about 10.45am on Saturday morning, where paramedics located a man with critical injuriesPolice declared a crime scene and have closed down the street.\nGreenbank is a rural suburb about 40km south of Brisbane with a population of less than 10,000.\nIson Road contains multiple residential properties on large parcels of land."}