{"article_id": "17852452872879687078", "keywords": ["leashed", "mountain", "outside", "taz", "attacks", "owner", "shows", "cougar", "dog", "big", "los", "video", "angeles", "lion", "chihuahua"], "title": "Mountain lion attacks another leashed Chihuahua in Los Angeles", "url": "https://www.wvnstv.com/outdoors-wildlife/mountain-lion-attacks-another-leashed-chihuahua-in-los-angeles/", "domain": "wvnstv.com", "authors": ["Cindy Von Quednow", "Nexstar Media Wire"], "summary": "LOS ANGELES, Calif. (KTLA) \u2013 Just three weeks after a cougar attacked and killed a Chihuahua that was leashed and going for a walk in the Hollywood Hills, another Chihuahua was injured in the Silver Lake neighborhood of Los Angeles.\n\u201cWe\u2019re going to take him to the vet right now.\u201dThe video shows the mountain lion continued to roam the neighborhood even after the attack.\nThe attacks on dogs in Los Angeles come as another mountain lion attacked a border collie inside its home in Santa Rosa, California, last week, according to KRON.\nVideo from that attack shows the mountain lion after it had dragged the 12-year-old dog outside through an open sliding door.\nWildlife officials advise people not to run if they see a mountain lion because it can trigger an instinct in the animal to chase."}