{"article_id": "12773608477570838599", "keywords": ["neck", "fernandez", "dog", "kill", "predators", "prey", "livestock", "dogs", "winter", "predator", "attack", "problems", "mean"], "title": "Winter can mean more problems with predators", "url": "https://www.hotsr.com/news/2022/dec/18/winter-can-mean-more-problems-with-predators/", "domain": "hotsr.com", "authors": [], "summary": "But why do attacks from predators increase in winter?\n\"Knowing what is attacking your livestock is important before you can begin to control predators,\" Fernandez says.\nIn many areas, dogs run loose, and one or two dogs or a pack of dogs may attack and kill livestock.\nWhen dogs do kill livestock, most often they do not eat their prey.\n\"Hawks, owls, crows and eagles migrate, searching for prey as they move south for the winter and later north to breeding grounds."}