{"article_id": "12503784054709588207", "keywords": ["opposition", "officials", "dog", "enforce", "merryville", "whiddon", "trying", "smith", "storm", "pit", "ordinance", "chief", "town", "bull", "bring", "mayor"], "title": "Merryville town officials bring down storm of opposition over pit bull ordinance", "url": "https://www.kplctv.com/2022/12/08/merryville-town-officials-bring-down-storm-opposition-over-pit-bull-ordinance/", "domain": "kplctv.com", "authors": [], "summary": "Merryville, LA (KPLC) - Imagine if the police told you that you had to get your dog out of town within 48 hours - that has happened to many in the small town of Merryville.\nThe new Merryville police chief unleashed a firestorm of controversy when he decided they would start enforcing a pit bull ban.\nThe chief is just trying to do his job and enforce the ordinance,\u201d Smith said.\nStill, Whiddon thinks dog owners should be responsible for their animals and not punished if someone else\u2019s dog causes a problem.\nThe police chief told us that he and the mayor discussed the ordinance and they need to enforce it."}