{"article_id": "16062120160507177842", "keywords": ["9yearold", "harayna", "girl", "attack", "owner", "attacked", "minor", "victims", "pitbull", "injured", "dog", "owners", "neighbourhood", "rana", "taken"], "title": "9-year-old girl injured in Pitbull dog attack in Harayna", "url": "https://www.hindustantimes.com/cities/others/9yearold-girl-injured-in-pitbull-dog-attack-in-harayna-101671343635565.html", "domain": "hindustantimes.com", "authors": [], "summary": "A nine-year-old girl was injured after a pit bull dog jumped her and attacked her in Shiv Colony of Karnal city, Harayana, police said.\nAlso Read: Pitbull \u2018attacks\u2019 minor, boy sustains serious injuries; case registeredRohit Rana, the victim\u2019s father, said that the dog injured her child\u2019s face, ear and cheeks.\nAmid the attack on the minor, the owners of the dog faced heat from the colony residents once again, following which the owners sent their dog away.\nArjun Sharma, owner of the dog said they made calls to the authorities and the dog catchers will take the dog away soon.\nAccording to the owner, the dog would attack a person if they scream."}