{"article_id": "8497148017287925821", "keywords": ["neighbors", "legs", "stoy", "ne", "dogs", "county", "amputated", "blood", "vazquez", "injuries", "public", "heard", "dog", "attack", "dies", "harris", "victim"], "title": "NE Harris Co. dog attack victim, whose legs were amputated, dies from his injuries", "url": "https://abc13.com/nicolas-vasquez-man-killed-vicious-dog-attack-by-dogs/11981795/", "domain": "abc13.com", "authors": ["Jessica Willey"], "summary": "He heard dogs barking and then he heard some moans.\nStoy found Vazquez in a ditch at Havard near Crosby-Huffman Road and said he had to fight off the neighbor's dogs.\nHe lost a lot of blood,\" Stoy told ABC13.Vasquez's legs were amputated below the knee, Vazquez's sister-in-law, Maria Castillo, said in a previous report.She said this is the second time the dogs attacked him in a month.\nThe pit bull-terrier mixes have been terrorizing the neighborhood for weeks, residents said.Harris County Animal Control seized the dogs the night of the attack.\nThey were under quarantine as of June 10, according to the Harris County Public Health's Veterinary Public Health Division.The Harris County Sheriff's Office said they found a hole in the fence and the dogs had blood on them."}