{"article_id": "8162215698834155178", "keywords": ["possibleduration", "essex", "dad", "doing", "dog", "loves", "close", "matter", "possible", "puppy"], "title": "Dog Has to Be as Close to Dad as Possible", "url": "https://www.msn.com/en-gb/news/uknews/dog-has-to-be-as-close-to-dad-as-possible/vi-AA14UmXi", "domain": "msn.com", "authors": [], "summary": "Dog Has to Be as Close to Dad as PossibleDuration: 00:27Occurred on November 27, 2022 / Essex: Buddy is a 1-year-old 9-stone puppy!\nWho loves to be as close to his dad as possible, no matter what they are doing."}