{"article_id": "7678437820231803725", "keywords": ["chihuahua", "wildlife", "lion", "silver", "mountain", "taz", "attacks", "hollywood", "district", "lake", "husband", "strikes", "p22", "hills"], "title": "Mountain lion P-22 strikes again; attacks Chihuahua in Silver Lake", "url": "https://www.foxla.com/news/mountain-lion-attack-pet-dog-recovering-after-encounter-with-p-22", "domain": "foxla.com", "authors": ["Fox Digital Team"], "summary": "The infamous Hollywood mountain lion P-22 has struck again\u2026 this time it attacked a small Chihuahua in Silver Lake.\nSUGGESTED:Wildlife officials confirmed the mountain lion was P-22.\nThis attack comes days after a homeowner in the Hollywood Hills said he had a terrifying close encounter with P-22.\nLast month, P-22 killed a leashed pet dog walking with its owner also in the Hollywood Hills.\nThe Los Angeles City Planning Commission is considering a new wildlife district proposal that would be aimed at saving the dwindling population of wildlife."}