{"article_id": "12327089715000116574", "keywords": ["mokoena", "breed", "wild", "nspca", "reclassifying", "dog", "bull", "domestic", "solution", "animals", "pets", "attacks", "power", "bulls", "pit", "owners"], "title": "Pit bull attacks: NSPCA says reclassifying power breed dog as a wild animal is not a solution", "url": "https://www.news24.com/news24/southafrica/news/pit-bull-attacks-nspca-says-reclassifying-power-breed-dog-as-a-wild-animal-is-not-a-solution-20221202", "domain": "news24.com", "authors": ["Cebelihle Bhengu"], "summary": "The NSPCA says reclassifying pit bulls as wild animals is not the solution to solving attacks amid calls for a domestic ban on the dog breed.\nLungelo Mokoena from Burger Huyser Attorneys says dog owners are responsible for their pets and the harm they may cause to others.\nThe Sizwe Kupelo Foundation started an online petition to have pit bulls banned as domestic pets after a 10-year-old boy from Gqeberha was killed by his family's two pit bulls.\nIf you take pit bulls and put those regulations in place, we will not get that right.\nWe cannot reclassify domestic animals as wild animals,\" he said."}