{"article_id": "3920461812922137679", "keywords": ["15", "rise", "hospitals", "hospital", "600", "days", "number", "rabies", "dogs", "treated", "patients", "visit", "cases", "weeks", "dogbite", "dog", "alarming", "reporting"], "title": "Alarming rise in dog-bite cases as over 600 visit one hospital in 15 days", "url": "https://www.dawn.com/news/1724490/alarming-rise-in-dog-bite-cases-as-over-600-visit-one-hospital-in-15-days", "domain": "dawn.com", "authors": ["Faiza Ilyas", "Muhammad Amir Rana", "Abbas Nasir", "Aisha Khan", "Shazia Nizamani", "Ahmed Bilal Mehboob"], "summary": "KARACHI: There has been a worrisome increase in the number of dog-bite cases in the metropolis as only one hospital treated over 600 cases in about two weeks, it emerged on Saturday.\nExperts attributed the spike in the cases to multiple factors including the growing number of dogs in the city.\nWe have treated more than 600 new [dog-bite] cases in 15 days.\u201dHe said that the total number of treated cases in two weeks was over 3,000 that included follow-up cases.\nSeveral patients reporting at the Indus Hospital\u2019s Korangi campus were being referred to the clinic from government-run tertiary care hospitals, he added.\nThis year, so far around 10,000 cases have been reported at the Indus Hospital, which saw over 9,000 cases last year."}