{"article_id": "6241905619391188243", "keywords": ["yang", "according", "services", "animal", "hubbs", "yangs", "confinement", "trap", "muzzle", "dog", "designation", "henderson", "sentenced", "outside", "dangerous", "county"], "title": "Henderson County News: Trap sentenced to confinement, muzzle after dangerous dog designation", "url": "https://www.hendersonvillelightning.com/news/12294-trap-sentenced-to-confinement-muzzle-after-dangerous-dog-designation.html", "domain": "hendersonvillelightning.com", "authors": ["Bill Moss", "Published", "December"], "summary": "Trap sentenced to confinement, muzzle after dangerous dog designationTrap, a Cane Corso, was ordered to be confined at home and be muzzled outside the home after Hendersonville\u2019s Animal Services Advisory Committee upheld Police Chief Blair Myhand\u2019s determination that he was a dangerous dog.\nCane Corsi \u2014 the name translates from Latin to \u201cbodyguard dog,\u201d according to the American Kennel Club \u2014 are stout animals that can weigh 100 pounds.\nHubbs testified that she usually muzzles Trap \u2014 full name Trap House Raines \u2014 when she takes him out in public but had not done so on Sept. 6.\nThe animal services board voted unanimously on Nov. 21 to affirm Myhand\u2019s dangerous dog order, rejecting Hubbs\u2019s appeal.\nOutside the owner\u2019s property, the dog must be muzzled and \u201cremain firmly under physical restraint at all times.\u201d Dogs deemed dangerous are barred from public recreation areas including dog parks and greenways."}