{"article_id": "4265000947712678815", "keywords": ["yard", "office", "dog", "animal", "tennessee", "sheriffs", "dogs", "officials", "woman", "dead", "center", "taken", "attack", "county", "say", "family", "70"], "title": "Tennessee woman, 70, found dead in family dog attack, officials say", "url": "https://www.nbcnews.com/news/us-news/tennessee-woman-70-found-dead-family-dog-attack-officials-say-rcna32518", "domain": "nbcnews.com", "authors": ["Marlene Lenthang", "Marlene Lenthang Is A Breaking News Reporter For Nbc News Digital."], "summary": "A 70-year-old woman in Tennessee has died after she was attacked by a family dog, according to officials.\nDebbie Boyd was found dead suffering \u201cnumerous dog bites\u201d on Friday at a home in Olympic View Court in Seymour, the Sevier County Sheriff\u2019s Office said.\nTwo large Rottweiler dogs were found fenced in the yard of the home that were \u201csecured by family members\u201d before first responders arrived, officials said.\nThe sheriff's office said it was determined the dogs were in the home with the victim at the time of the attack, as was a small child who was uninjured.\nThe dogs were captured by the sheriff\u2019s office animal control division and and taken to an animal housing facility, where they will remain until a probe is completed."}