{"article_id": "11703242413835542524", "keywords": ["accidental", "richmond", "prevent", "shooting", "shootings", "locks", "safety", "kids", "say", "virginia", "parents", "used", "experts", "help", "lock", "children", "gun"], "title": "Gun safety locks help to prevent accidental shootings, experts say", "url": "https://www.wric.com/news/local-news/richmond/gun-safety-locks-help-to-prevent-accidental-shootings-experts-say/", "domain": "wric.com", "authors": ["Rolynn Wilson"], "summary": "Parents across Richmond are now concerned about gun safety, and wondering what they can do to keep their children safe.\nMost accidental gun deaths can be prevented with the proper safety measures in place.\nTo make sure that you are storing your gun safely you must have the gun itself stowed away with the ammunition locked up separately.\nThese are often used for handguns, but the cable lock can also be used for a long gun.\nFamilies may also choose to use a gun lock box, which is a great box that either has a combination or a key lock."}