{"article_id": "14934326605317301483", "keywords": ["asked", "shooting", "poll", "school", "v", "texas", "mass", "surveyed", "roe", "concerned", "lead", "think", "childs", "gun", "majority", "parents"], "title": "Poll: Majority of Texas parents surveyed concerned about mass shooting at child\u2019s school", "url": "https://www.kwtx.com/2022/06/16/poll-majority-texas-parents-surveyed-concerned-about-mass-shooting-childs-school/", "domain": "kwtx.com", "authors": ["Jack Fink"], "summary": "TEXAS (CBSDFW.COM) - A new poll shows nearly two-thirds of parents surveyed are concerned about a shooting taking place at their child\u2019s school.\nWhen asked about the potential for a shooting at their student\u2019s campus, 61% of parents said they are either very concerned or somewhat concerned, while 39% said they\u2019re not so concerned or not concerned at all.\nThe poll comes three weeks after the mass shooting at Robb Elementary School in Uvalde where 19 students and two teachers were killed and 17 were hurt.\nBut all of those attitudes have been developed under the framework of Roe v. Wade, that guarantees a certain amount of access.\nQuinnipiac University found the Governor\u2019s race tightened since its last Texas poll."}