{"article_id": "15787344755695084973", "keywords": ["central", "dog", "person", "dogs", "investigation", "regarding", "attacks", "park", "bites", "loose", "animal", "attacking", "unleashed", "attacked", "kills"], "title": "Unleashed dog attacks, kills dog, bites person", "url": "https://www.ktvu.com/news/unleashed-dog-attacks-kills-dog-bites-person", "domain": "ktvu.com", "authors": ["Bay City News"], "summary": "articleFremont police are investigating an incident regarding a loose dog that attacked four other dogs -- killing one of them -- and bit a person Tuesday afternoon in the city's Central Park.\nOfficers responded to a 12:36 p.m. report of a loose dog attacking people and dogs in the park between Central Park Dog Park and the Tri-City Animal Shelter.\nSEE ALSO: Mountain lion drags dog from Sonoma County home: VideoUpon arrival, the attacking dog was quickly controlled and taken to the nearby shelter.\nThe owner of one dog had minor injuries and was treated at the scene, but one of the dogs that had been attacked later died of its injuries.\nREAD MORE: Dog accidentally sent through airport x-ray machine, TSA saysFremont Police Department is handling the preliminary investigation and Animal Control will conduct a follow-up investigation regarding the dog bites, according to a police news release."}