{"article_id": "638260146211129490", "keywords": ["south", "facts", "savagely", "banned", "boy", "pit", "town", "emotion", "saule", "bulls", "day", "little", "stats", "petition", "africa", "state", "spate", "statistic"], "title": "Petition to get pit bulls banned in South Africa: the emotion, the stats, the facts", "url": "https://www.news24.com/you/news/local/petition-to-get-pit-bulls-banned-in-south-africa-the-emotion-the-stats-the-facts-20221202-2", "domain": "news24.com", "authors": ["Melon Radebe"], "summary": "The family had big dreams for the little boy, hoping he\u2019d one day become a doctor so he could care for them.\nHe was bright, cheerful and polite, and the apple of his grandparents\u2019 eye.\nBut now Keketso Innocent Saule is gone, yet another statistic of a spate of horrific pit bull attacks making grim headlines day after day after day.\nTwo pit bulls attacked the little boy near his home in Phomolong in the town of Hennenman in the Free State, mauling him so savagely his brain was exposed."}