{"article_id": "10252907051638812885", "keywords": ["dogs", "died", "cbo", "land", "kent", "man", "attack", "dog", "sheep", "lambs", "lead", "worrying", "die", "written", "unborn", "ashford", "fined"], "title": "Man fined after two sheep and unborn lambs die after dog attack in Ashford", "url": "https://www.kentonline.co.uk/ashford/news/dog-owner-fined-after-unborn-lambs-die-in-dog-attack-268619/", "domain": "kentonline.co.uk", "authors": [], "summary": "Sign me up for news alertsA dog owner has been fined after two sheep and two unborn lambs died following dog attacks in Ashford.\nCharlie Hawker, 28, of Appledore Road, Kenardington admitted two counts of sheep worrying and has been banned from having a dog off a lead in public.\nCharlie HawkerOn Thursday, March 10, a sheep died after Hawker's dog chased and attacked it on agricultural land near Kenardington.\nThat sheep also died, as well as two unborn lambs.\nHawker was fined \u00a3300 for each offence and ordered to pay both victims compensation at Folkestone Magistrates' Court on Thursday."}