{"article_id": "9319618358667982296", "keywords": ["north", "county", "man", "location", "office", "idd", "harrison", "shooting", "wound", "dead", "main", "montgomery", "township", "twp"], "title": "Man dead after Harrison Twp. shooting ID\u2019d", "url": "https://www.wdtn.com/news/crime/man-found-shot-in-dayton-2/", "domain": "wdtn.com", "authors": ["Katie Shatsand Sarah Bean", "Katie Shatsby", "Sarah Bean"], "summary": "MONTGOMERY COUNTY, Ohio (WDTN) \u2014 The man who died from a gunshot wound after a disturbance on North Main Street in Harrison Township has been identified.\nAccording to Montgomery County Regional Dispatch, a man was found shot just after 4:30 a.m. on Monday morning.\nPolice said the incident initially came in as a report of a disturbance on North Main Street.\nWhen crews arrived on the scene, they found a man on the ground suffering from a gunshot wound at 4523 North Main St.\nThe Montgomery County Coroner\u2019s Office identified the man as 33-year-old Mark Watts of Fairborn."}