{"article_id": "18260555863610467290", "keywords": ["went", "mirage", "toddler", "gets", "wasnt", "arrested", "man", "ramirezrosas", "woman", "wont", "boy", "shoots", "el", "couch", "gun"], "title": "Man arrested after toddler gets gun from couch, shoots woman in El Mirage", "url": "https://www.azfamily.com/2022/06/21/man-arrested-after-toddler-gets-gun-couch-shoots-woman-el-mirage/", "domain": "azfamily.com", "authors": [], "summary": "EL MIRAGE, AZ (3TV/CBS 5) \u2014 A man is in trouble with the law after a toddler got a gun from a couch and shot a woman inside an El Mirage home on Thursday.\nAccording to court documents, 30-year-old Gilbert Ramirez-Rosas keeps his handgun in the back of the couch, which is only 4 feet tall.\nPolice said a 2-year-old boy somehow got ahold of the gun and fired it, hitting a woman in the right leg.\nThe boy wasn\u2019t hurt.\nPolice said when officers talked to Ramirez-Rosas, he originally said the gun fell off the couch and went off, but then he said he specifically bought that type of gun because it won\u2019t fire when it\u2019s dropped."}