{"article_id": "2349906574009848394", "keywords": ["investigation", "state", "toddlers", "taken", "dog", "deadly", "charges", "attack", "durrett", "child", "county", "washington", "killed", "springdale", "support"], "title": "No charges in deadly dog attack that killed child", "url": "https://www.nwahomepage.com/news/no-charges-in-deadly-dog-attack-that-killed-child/", "domain": "nwahomepage.com", "authors": ["C.C. Mccandless"], "summary": "SPRINGDALE, Ark.\n(KNWA/KFTA) \u2014 No charges will be filed after a dog attacked and killed a child near Springdale last month.\nAccording to the Washington County Coroner\u2019s Office, a toddler\u2019s body was sent to the Arkansas State Crime lab for an autopsy to determine the cause of death.\nThe dog was taken and held at \u201ca secure location\u201d as an investigation was conducted.\nDurrett confirmed that the dog has been euthanized."}