{"article_id": "17294352070103786593", "keywords": ["ncd", "lewis", "abuser", "teen", "escapes", "womens", "sentenced", "trafficked", "man", "raped", "center", "pieper", "probation", "killed"], "title": "Trafficked teen who killed abuser escapes from women\u2019s center", "url": "https://www.fox13memphis.com/video/hot-video/trafficked-teen-who-killed-abuser-escapes-womens-center/8bbb83a2-fe19-4aef-8f1e-297ae3f988d5/", "domain": "fox13memphis.com", "authors": [], "summary": "Trafficked teen who killed abuser escapes from women\u2019s center Pieper Lewis, 18, was sentenced to probation after killing a man whom she said raped her."}