{"article_id": "7293752790710566590", "keywords": ["california", "mountain", "lion", "told", "wrote", "world", "eva", "owner", "wilson", "dog", "bee", "attack", "saved", "dies", "woman"], "title": "Dog who saved California woman from mountain lion attack dies", "url": "https://www.wpxi.com/news/trending/dog-who-saved-california-woman-mountain-lion-attack-dies/7ACY4OJ22ZALHJVO4CBVLFWEZQ/", "domain": "wpxi.com", "authors": ["Bob D'Angelo", "Cox Media Group National Content Desk"], "summary": "Dog saves owner from mountain lion attack in California \"I yelled 'Eva!'\n(NCD)A dog that saved a California woman\u2019s life after she was attacked by a mountain lion died Wednesday, the animal\u2019s owner said.\nWilson told the newspaper that the 55-pound dog began getting seizures over the weekend and was taken to a veterinarian in Redding.\nYou\u2019re my whole world.\u201d Wilson wrote on a GoFundMe page for the dog on Wednesday.\nEva distracted the big cat and the mountain lion locked its jaws on the 2-year-old dog\u2019s head, according to the website."}