{"article_id": "15670801449781320066", "keywords": ["way", "comparison", "legends", "jordan", "season", "uconn", "hawkins", "minutes", "dynamic", "mens", "concussion", "huskies", "win", "spent", "lot", "husky", "going", "drew"], "title": "UConn men\u2019s basketball's Jordan Hawkins was dynamic in win. He also drew comparison to Husky legends", "url": "https://www.ctpost.com/sports/uconn-mens-basketball/article/UConn-Oklahoma-State-Jordan-Hawkins-17625322.php%3Fsrc%3Dctpuconn", "domain": "ctpost.com", "authors": ["Mike Anthony", "David Rafferty", "Colin Mcenroe"], "summary": "The Huskies, however imperfect in some areas, generally stomped the Cowboys, 74-64, riding Hawkins\u2019 five 3-pointers and 26 points to another convincing victory.\n\u201cThat type of firepower on the wing opens up a lot of things,\u201d UConn coach Dan Hurley said.\nThrough it all, Hurley has spent a lot of time talking about Hawkins\u2019 NBA potential \u2014 and his potential to be the UConn team\u2019s most dynamic scorer.\nHawkins spent all offseason thinking about this.\n\u201cYou obviously miss some buy games but you're going to be on board for all the heavy hitters that we've got coming."}