{"article_id": "4600685716864030472", "keywords": ["9yearold", "girl", "attack", "reportedly", "karnal", "haryanas", "breeds", "ghaziabad", "pitbull", "tears", "attacks", "terrace", "dog", "girls", "face"], "title": "Pitbull Dog Attacks 9-Year-old Girl, Tears Off Part of Her Face in Haryana's Karnal", "url": "https://www.msn.com/en-in/news/other/pitbull-dog-attacks-9-year-old-girl-tears-off-part-of-her-face-in-haryanas-karnal/ar-AA15puT3", "domain": "msn.com", "authors": [], "summary": "\u00a9 Provided by News18 Pitbull Dog Attacks 9-Year-old Girl, Tears Off Part of Her Face in Haryana's KarnalReports of pitbull dog attacks continue to haunt people across the country, this time a 9-year-old girl fell prey to a pitbull attack in Haryana\u2019s Karnal.\nThe neighbor\u2019s pitbull reportedly jumped into the terrace of Mahi\u2019s home and attacked it.\nThe pitbull reportedly bit the girl\u2019s mouth before it was freed by the girl\u2019s family.\nThe attack on the 9-year-old is the latest in the series of pitbull attacks in the past months.\n\u201cThe three breeds \u2014 Pitbull, Rottweiler and Dogo Argentino \u2014 are ferocious (khoonkhar), and no permission will be granted to keep these dogs."}