{"article_id": "4764178308818849135", "keywords": ["dogs", "fremont", "attacks", "tuesdayfpd", "loose", "bitten", "kills", "dog", "scene", "unfortunately", "park", "owner", "animal"], "title": "\u2018Loose dog\u2019 attacks 4 dogs, kills 1 in Fremont", "url": "https://www.kron4.com/news/bay-area/1-dog-has-died-after-dog-attack/", "domain": "kron4.com", "authors": ["Adelmi Ysita"], "summary": "FREMONT, Calif. (KRON) \u2013 Four dogs and one dog owner were bitten by a loose dog in the area between the Central Park Dog Park and the Tri-City Animal Shelter, the Fremont Police Department said in a press release Tuesday.\nFPD was called to the scene at 12:36 p. m. Tuesday.\nOne of the dogs bitten has unfortunately died from its injuries.\nFPD said the dog owner was treated at the scene by the Fremont Fire Paramedics and did not have severe injuries.\nKRON On is streaming news live nowFPD and Fremont Animal Control are conducting the preliminary investigation and a follow-up on the dog bites."}