{"article_id": "8830592433521611314", "keywords": ["stolen", "mum", "seafield", "echo", "wearing", "thugs", "ground", "men", "scotland", "edinburgh", "family", "pushed", "park", "place", "dog", "1pm", "owner"], "title": "Dog stolen by thugs in Edinburgh after owner 'pushed to the ground' in park", "url": "https://www.dailyrecord.co.uk/news/scottish-news/dog-stolen-thugs-edinburgh-after-28425889", "domain": "dailyrecord.co.uk", "authors": ["Iona Young", "Jordan Shepherd"], "summary": "A beloved family dog has been stolen by two thugs after they assaulted its owner in a park in Edinburgh before speeding off in a car.\nThree-year-old labrador Echo was taken by the pair after they had pushed owner Lorraine, 55, to the ground in Leith Links in the capital.\nSpeaking to Edinburgh Live, Cara said: \"My mum was walking our dog in Leith Links, Seafield Place side when two men wearing dark clothes and face coverings jumped out.\nOne pushed my mum to the ground and the other grabbed our dog and they jumped in and drove the car away.\n\u201cThe dog, whose name is Echo, is described as being a 3-year-old black Labrador, who is small for her age."}