{"article_id": "6478964772758300993", "keywords": ["j", "county", "middle", "prince", "student", "13yearold", "number", "loaded", "ghost", "georges", "school", "students", "charged", "gun", "bringing"], "title": "Police: Student charged after bringing loaded \u2018ghost gun\u2019 to school in Prince George\u2019s County", "url": "https://www.localdvm.com/news/local-news/maryland/pgpd-student-in-custody-after-bringing-gun-to-school/", "domain": "localdvm.com", "authors": ["Brian Farrell"], "summary": "The Prince George's County Police Department said officers took the untraceable gun from a 13-year-old student at Isaac J. Gourdine Middle School.\n(DC News Now) \u2014 Police said a 13-year-old student faces a number of charges after he brought a loaded guy to Isaac J. Gourdine Middle School Tuesday morning.\nThe Prince George\u2019s County Police Department (PGPG) said it received a call about the incident around 8:15 a.m. Investigators said the 13-year-old boy showed the gun to other students.\nThe gun was a \u201cghost gun,\u201d which has no serial number.\nTuesday afternoon, police said the charges against the student include Loaded Handgun on Person, Dangerous Weapon on School Property."}