{"article_id": "6776911625775493084", "keywords": ["calgary", "experts", "attack", "review", "services", "reviewed", "provincial", "health", "hqca", "fatal", "dog", "outside", "know", "ems", "response", "alberta"], "title": "EMS response to fatal dog attack in Calgary to be reviewed by HQCA and outside experts", "url": "https://www.cbc.ca/news/canada/calgary/ems-dog-attack-review-health-quality-council-alberta-1.6493258", "domain": "cbc.ca", "authors": ["Reporter Editor", "Paula Duhatschek Is A Reporter With Cbc Calgary Who Previously Worked For Cbc News In Kitchener", "In London", "Ont. You Can Reach Her At Paula.Duhatschek Cbc.Ca."], "summary": "The Health Quality Council of Alberta (HQCA) will lead an independent review of how EMS responded to a fatal dog attack earlier this month, Alberta Health Services announced Friday.\nThe HQCA is a provincial agency that operates independently from Alberta Health Services and Alberta Health.\nIt will review the processes and protocols around EMS response, and whether any \"system factors\" added to the long response time, said CEO Charlene McBrien-Morrison.\nMcBrien-Morrison told CBC News it's too soon to say whether that will be a focus of the provincial review.\nEmergency Health Services."}