{"article_id": "4128138992266188342", "keywords": ["suspicion", "possessing", "illegal", "tip", "weapon", "firearm", "possession", "warrant", "child", "streaming", "arrested", "medina", "man", "newark", "porn"], "title": "Newark man arrested on suspicion of possessing child porn, illegal firearm", "url": "https://www.kron4.com/news/newark-man-arrested-on-suspicion-of-possessing-child-porn-illegal-firearm/", "domain": "kron4.com", "authors": ["Bay City News"], "summary": "(BCN) \u2014 A 20-year-old man has been arrested on suspicion of possessing child pornography as well as an illegal firearm, Newark police said.\nJesus Mendoza Medina was arrested on June 8 after police received a tip from the National Center for Missing and Exploited Children.\nKRON On is streaming news live nowWhen investigators served a warrant at a home in the 5000 block of Souza Avenue, they also found several firearms, including one that was a personally manufactured \u201cghost gun,\u201d police said.\nMendoza Medina was booked into jail on suspicion of possession of obscene matter of a minor in a sexual act, illegal manufacturing of a firearm and illegal possession of an assault weapon, according to police.\nCopyright \u00a9 2022 Bay City News, Inc."}