{"article_id": "11955348978902416070", "keywords": ["pet", "nearly", "leaving", "dino", "wdiv", "patrice", "oct", "week", "whos", "morning", "saying"], "title": "Pet of the Week: Dino", "url": "https://www.clickondetroit.com/video/all-4-pets/2022/11/07/pet-of-the-week-dino/", "domain": "clickondetroit.com", "authors": [], "summary": "Pet of the Week: DinoMeet our adoptable pet of the week for the week of Oct. 31!\nHis name is Dino, and he's a cutie.\nPatrice is also saying goodbye to morning anchor Evrod Cassimy, who's leaving WDIV after nearly 10 years."}