{"article_id": "13339358314728150866", "keywords": ["pet", "goat", "dog", "howth", "society", "herd", "animals", "irish", "dogs", "recovery", "old", "goats", "attack"], "title": "Goats from Howth herd to \u2018make full recovery\u2019 after dog attack", "url": "https://www.agriland.ie/farming-news/goats-from-howth-herd-to-make-full-recovery-after-dog-attack/", "domain": "agriland.ie", "authors": ["Agriland Media", "Francess Mcdonnell", "December"], "summary": "Four goats who suffered puncture wounds and \u201csignificant\u201d bite injuries following a dog attack in Howth should make a full recovery, according to The Old Irish Goat Society.\nThe goat herder of the Howth herd has warned that the dog attack could have put the whole project at risk.\nOne of the goats who sustained bite injuries from the dog attack on Howth HeadSource: The Old Irish Goat SocietyLast weekend the herd was attacked by a dog which has been described as a \u201cmuch loved family pet\u201d by its owner.\nA spokesperson for the Old Irish Goat Society said it currently has 27 pregnant females in its Howth herd.\nThe dog owner whose pet attacked the goats has also reiterated this plea:\u201cTwo things I\u2019d like to say to dog walkers in Howth."}