{"article_id": "17140247643251441346", "keywords": ["dog", "street", "cambridge", "woman", "windsor", "area", "reportedly", "suspect", "midnight", "attacked", "walking"], "title": "Cambridge woman attacked while walking dog", "url": "https://www.cbsnews.com/boston/news/cambridge-assault-woman-walking-dog-video/", "domain": "cbsnews.com", "authors": ["Cbsboston.Com Staff", "The Cbs Boston Team Is A Group Of Experienced Journalists Who Bring You The Content On Cbsboston.Com."], "summary": "CAMBRIDGE - Police are turning to the public for help after a woman was attacked while walking her dog in Cambridge Sunday night.\n\"After she passed him and eye contact was made, the suspect turned around and approached her,\" Cambridge police said.\nThe man took off with the leashed dog, but the dog was able to escape, police said.\nCambridge Police are actively investigating and seeking the community\u2019s assistance in identifying a suspect after a Cambridge resident in her 20s was physically assaulted in the area of Market Street & Windsor Street while walking her 8-month-old dog around midnight on Dec 5.\n1/3 https://t.co/L4mSnvSlKP pic.twitter.com/EPf1onEcjX \u2014 Cambridge Police\ud83d\udc6e\ud83c\udffd (@CambridgePolice) December 8, 2022Police are providing \"enhanced attention to the area\" in the evening and early morning hours."}