{"article_id": "13953500112842693188", "keywords": ["belgian", "turner", "crufts", "attacked", "attack", "peacock", "friend", "miss", "turners", "beaven", "ms", "told", "hears", "went", "tried", "dog", "bribe", "court", "winner"], "title": "Crufts winner tried to bribe friend who was attacked by her dog, court hears", "url": "https://www.telegraph.co.uk/news/2022/12/06/crufts-winner-tried-bribe-friend-dog-attacked-court-hears/", "domain": "telegraph.co.uk", "authors": ["Will Bolton", "Patrick Sawer", "Danny Boyle", "Catherine Lough", "Nick Allen", "Daniel Sanderson", "Colin Freeman"], "summary": "Prosecuting, Miss Sian Beaven told Salisbury Crown Court: \"[The pair] were known to one another for a number of years.\n\"At around 6pm Miss Turner went to [Ms Peacock's] home to do some DIY and to visit her own dog who was staying with Miss Peacock at the time.\"\nMiss Beaven continued: \"Miss Turner felt a nip to her stomach from behind.\nAt one point during this attack [Ms Peacock] told her to pass her a screwdriver.\nMs Beaven continued: \"[Ms Peacock] remained very scared Miss Turner would call the police and began buying her gifts to dissuade her.\""}