{"article_id": "15542191390362075117", "keywords": ["white", "vaccines", "kids", "biden", "visits", "washington", "celebrates", "parents", "clinic", "vaccination", "shots", "covid19", "children", "covid"], "title": "Biden visits clinic, celebrates COVID shots for kids under 5", "url": "https://www.wsoctv.com/news/health/biden-visits-clinic/Y22ED3BGCRQUSD2IZ2GKZPOAAE/", "domain": "wsoctv.com", "authors": ["Zeke Miller", "Josh Boak"], "summary": "APTOPIX Virus Outbreak Biden President Joe Biden holds a baby as he visits a COVID-19 vaccination clinic at the Church of the Holy Communion Tuesday, June 21, 2022, in Washington.\n\u201cThe United States is now the first country in the world to offer safe and effective COVID-19 vaccines for children as young as six months old,\u201d Biden said at the White House.\nAddressing parents, Biden said, \u201cI encourage you to talk to the doctor after you make a plan to get your child vaccinated.\u201dBiden also delivered a thinly veiled criticism of Republican Florida Gov.\nRon DeSantis, who blocked his health department from ordering and delivering pediatric vaccines in his state, a move the White House said delayed the availability of shots for kids under 5.\nAs he handed out hugs to kids, Biden spoke of his youngest grandson, Beau, aged two, being newly eligible for vaccination."}