{"article_id": "3543654309416656156", "keywords": ["gunman", "shot", "lady", "white", "saying", "dogs", "dog", "pleaded", "robbery", "seconddegree", "contest", "walker", "sentenced", "fischer", "21", "shooting", "gagas"], "title": "Gunman who shot Lady Gaga's dog walker is sentenced to 21 years", "url": "https://www.cbsnews.com/losangeles/news/gunman-who-shot-lady-gagas-dog-walker-is-sentenced-to-21-years/", "domain": "cbsnews.com", "authors": ["Cbsla Staff", "The Cbs La Staff Is A Group Of Experienced Journalists Who Bring You The Content On Cbsla.Com."], "summary": "A man who shot Lady Gaga's dog walker during the theft of two of the singer's French bulldogs pleaded no contest today to an attempted murder charge and was immediately sentenced to 21 years in prison.\nIn exchange for his plea to the attempted murder count, prosecutors dismissed charges of second-degree robbery, conspiracy to commit robbery, assault with a semiautomatic firearm and being a felon carrying a concealed firearm in a vehicle.\nEarlier this year, Lafayette Shon Whaley, 28, pleaded no contest to second-degree robbery for the theft and was sentenced to six years in state prison.\nWhaley's plea came eight days after co-defendant Jaylin Keyshawn White, 20, pleaded no contest to second-degree robbery and admitted that another defendant was armed during the attack.\nHarold White pleaded no contest Monday to possession of a firearm with a prior conviction."}