{"article_id": "15180410387773702771", "keywords": ["roof", "foster", "renters", "love", "bulls", "homeowners", "pit", "dog", "dogs", "mr", "english", "insurance", "beware"], "title": "Love Your Dog, but Beware of Your Homeowners\u2019 Insurance", "url": "https://www.nytimes.com/2022/06/17/realestate/insurance-dog-breed-exclusions.html", "domain": "nytimes.com", "authors": ["Jane Gottlieb"], "summary": "When Brian English applied for renters\u2019 insurance a few years ago, he described his dogs, Venom and Jean, as \u201cmixed breed.\u201d \u2014 a category that certainly covers pit bulls.\n\u201cThey said, \u2018Oh, OK,\u201d said Mr. English, 37.\n\u201cIn their mind, it\u2019s a terrier.\u201dKen Foster said when he was shopping for insurance that would cover any damage from storms, insurance firms were not enthusiastic about his three pit bulls and Rottweiler.\n\u201cSo if I\u2019d had roof damage from a storm they could deny coverage based on a dog that looked like a certain kind of dog?\u201d said Mr. Foster, 57, a freelance writer, a dog advocate and an author.\nIn most states, the companies can deny coverage or charge more for dogs considered dangerous, most often Doberman pinschers, Chow Chows, Rottweilers, sometimes German shepherds and mastiffs, and always pit bulls."}