{"article_id": "8087537081487432524", "keywords": ["quickly", "declared", "dog", "total", "lived", "fargo", "spreading", "house", "floor", "mobile", "reported", "loss"], "title": "Fargo mobile home total loss after fire", "url": "https://www.wdayradionow.com/news/local-news/58265-fargo-mobile-home-total-loss-after-fire", "domain": "wdayradionow.com", "authors": [], "summary": "(Fargo, ND) -- A Fargo mobile home went up in flames after a Saturday morning fire.\nThe Fargo Fire Department tells WDAY Radio that firefighters responded to a report of a fire at 6 April Lane North at 11:23 a.m.\nWhile en route, dispatch told responding units that everyone was out of the house except for one dog.\nThe first arriving unit reported that the front half of the mobile home was involved in fire with the fire spreading toward the back of the home.\nThey quickly reported that the floor had burned out and they could not advance into the home."}