{"article_id": "7922750308729757813", "keywords": ["stoy", "vasquez", "dogs", "26", "man", "yard", "taken", "texas", "heard", "dead", "fox", "told", "moan", "attacked"], "title": "Texas man dead after being attacked by three dogs", "url": "https://www.foxnews.com/us/texas-man-dead-attacked-dogs", "domain": "foxnews.com", "authors": ["Emmett Jones"], "summary": "A Texas man has died after being attacked by three dogs, resulting in having his legs and an arm amputated.\nNicolas Vasquez was taken to the hospital on June 9 after a neighbor, Calvin Stoy, discovered him being mauled in Huffman, Texas.\nSo I went to the corner of my yard here, and I heard another moan,\" Stoy told Fox 26 Houston.\nCALIFORNIA TO EUTHANIZE 350,000 DISEASED TROUTOnce Stoy approached the ditch where Vasquez was located, he shined his flashlight and scattered the dogs.\nOther residents told Fox 26 that the victim suffered an ankle bite from two of the dogs two months ago."}