{"article_id": "10969150343721235037", "keywords": ["turtle", "research", "saskatchewan", "species", "museum", "work", "tokaryks", "fossil", "66", "bones", "discovered", "mckellar", "triceratopsthe", "regina", "ago", "million"], "title": "Fossil of new turtle species from 66 million years ago discovered in Saskatchewan", "url": "https://www.thestar.com/news/canada/2022/06/16/fossil-of-new-turtle-species-from-66-million-years-ago-discovered-in-saskatchewan.html", "domain": "thestar.com", "authors": ["The Canadian Press"], "summary": "REGINA - A fossil of a new species of smooth-shelled turtle has been discovered in southwestern Saskatchewan.\nPaleontologist Ryan McKellar with the Royal Saskatchewan Museum in Regina says the turtle is about 66 million years old.\nHe says it was found near Grasslands National Park in 2016 next to the bones of a triceratops.\nMcKellar says the turtle still has its whole shell, which is about the size of a fist.\nThe new species is named Leiochelys tokaryki, or \u201cTokaryk\u2019s smooth turtle,\u201d in recognition of Tim Tokaryk, the former curator of paleontology at the museum and his work on cretaceous fossils of Saskatchewan."}