{"article_id": "9264429424540934893", "keywords": ["dui", "arrested", "dog", "daily", "spot", "detective", "know", "whats", "things", "town", "scottsdale", "thats", "sponsorships", "secure", "walk", "crash", "attacks", "owl"], "title": "\ud83c\udf31 Detective Arrested In DUI Crash + Owl Attacks Dog On Walk", "url": "https://patch.com/arizona/scottsdale/detective-arrested-dui-crash-owl-attacks-dog-walk", "domain": "patch.com", "authors": [], "summary": "It's me, Helen Eckhard, your host of the Scottsdale Daily.\nHere are all the most important things to know about what's happening in town.\n\ud83d\udce2 I\u2019m looking for business owners and marketers in Scottsdale who want to build awareness, connect with customers and increase sales.\nI have a limited number of sponsorships available to introduce our Scottsdale Daily readers to local businesses they need to know about.\nIf that\u2019s you, then I invite you to learn more and secure your spot now."}