{"article_id": "10413186527537229991", "keywords": ["calgary", "attack", "review", "services", "reviewed", "health", "ems", "fatal", "dog", "council", "quality", "response", "alberta"], "title": "Calgary dog attack EMS response to be reviewed by Health Quality Council of Alberta", "url": "https://globalnews.ca/news/8929193/calgary-dog-attack-ems-hqca-review/", "domain": "globalnews.ca", "authors": ["Paula Tran"], "summary": "Send this page to someone via emailThe Health Quality Council of Alberta (HQCA) will lead the independent review into the EMS response to the fatal dog attack in Calgary earlier this month.\nIn a news release on Friday, Alberta Health Services said the HQCA will review structural, procedural and systemic factors that led to the extended response time.\n3:16 Calgary EMS in red alert at time of fatal dog attack Calgary EMS in red alert at time of fatal dog attack \u2013 Jun 9, 2022It was initially reported that it took paramedics 30 minutes to answer the calls for help from neighbours, but an initial assessment by AHS suggested it wasn\u2019t prioritized as a life-threatening call.\nIt reports to the Ministry of Health and operates separately from Alberta Health Services and Alberta Health to bring an \u201cobjective perspective\u201d to health care in Alberta.\n2:01 \u2018I should still have my auntie\u2019: Family of fatal dog attack victim speaks out \u2018I should still have my auntie\u2019: Family of fatal dog attack victim speaks out \u2013 Jun 8, 2022"}