{"article_id": "9798501212552177077", "keywords": ["yard", "queensland", "killed", "victim", "officers", "unconscious", "serious", "residence", "man", "say", "attack", "lying", "rd", "shortly", "dog"], "title": "Man killed in Queensland dog attack", "url": "https://www.newcastleherald.com.au/story/8006007/man-killed-in-queensland-dog-attack/", "domain": "newcastleherald.com.au", "authors": [], "summary": "Police say officers were called to the Ison Rd residence at Greenbank shortly before 11am on Saturday, where they located the victim of the attack lying unconscious in the fenced front yard with serious injuries."}