{"article_id": "10082849712521134432", "keywords": ["probe", "fleeing", "road", "dead", "property", "broomfield", "morning", "contact", "discovered", "scene", "garda\u00ed", "man", "suspect", "incident", "stabbing", "monaghan", "garda"], "title": "Garda\u00ed probe whether man found dead on road in Monaghan was fleeing scene of stabbing", "url": "https://www.sundayworld.com/crime/irish-crime/gardai-probe-whether-man-found-dead-on-road-in-monaghan-was-fleeing-scene-of-stabbing/381330961.html", "domain": "sundayworld.com", "authors": ["Robin Schiller"], "summary": "Emergency services were alerted to a house in Broomfield, near Castleblayney, at around 6.30am where a 60-year-old man was discovered with serious injuries.\nA relative of the victim came across the incident and discovered the suspect at the property who then fled the scene.\nGarda\u00ed immediately began a search for the assailant but a short time later were called to a road traffic collision nearby.\nA 37-year-old man had been struck by a vehicle at the Ballynacarry Bridge and pronounced dead at the scene.\nThe man matched the description of the suspect who was spotted at the Broomfield property where the 60-year-old had been killed."}