{"article_id": "13087452527061603287", "keywords": ["dog", "neighbor", "county", "taken", "berkeley", "attack", "recovering", "hospital", "count", "owner", "77", "woman", "deputies"], "title": "Woman, 77, taken to hospital after dog attack in Berkeley County", "url": "https://www.counton2.com/news/local-news/berkeley-county-news/woman-attacked-by-dog-in-berkeley-county/", "domain": "counton2.com", "authors": ["Tim Renaud"], "summary": "MONCKS CORNER, S.C. (WCBD) \u2013 A 77-year-old woman is recovering after she was attacked by a dog Tuesday afternoon in Berkeley County.\nBerkeley County deputies said the owner had the dog in a harness, but the pit bull was able to escape from the restraint and attack the woman.\nOfficials said the dog\u2019s owner told the neighbor to shoot the dog to stop the attack.\n\u201cBecause of the severity of her injuries at the time, deputies assisted EMS with transporting her to the hospital,\u201d said Chief Deputy Jeremy Baker with the Berkeley County Sheriff\u2019s Office.\nThe owner of the dog was charged with one count of \u2018animal at large\u2019 and one count of \u2018public disturbance dog attack.\u2019"}