{"article_id": "12505088100036388978", "keywords": ["shot", "kidnapped", "kidnaps", "nash", "montgomery", "mother", "toddler", "man", "coleman", "killed", "dekalb", "shooting", "death", "young", "sister", "family", "woods"], "title": "Man kidnaps young mother, toddler before shooting mother to death in DeKalb woods", "url": "https://www.wsbtv.com/news/local/dekalb-county/young-mother-trying-escape-domestic-violence-incident-with-child-shot-death-dekalb/TM4VPOVIGVHQZOP5E7BMMHUIG4/", "domain": "wsbtv.com", "authors": ["Wsbtv.Com News Staff"], "summary": "Man kidnaps young mother, toddler before shooting mother to death in DeKalb woodsDEKALB COUNTY, Ga. \u2014 Police say a man kidnapped his child and the child\u2019s mother from a DeKalb County daycare before he shot and killed the mother.\nHe then kidnapped Montgomery and the former couple\u2019s 16-month-old daughter, Khloe, and then dragged them into some nearby woods where he killed Montgomery in front of the child, police said.\n\u201cShe knew he was about to kill her.\u201dTRENDING STORIES:Police said Montgomery tried to run into some nearby woods, but Nash shot her to death.\n\u201cThey failed to do their job.\u201dColeman said Nash shot her sister because she was trying to leave him.\n\u201cShe didn\u2019t deserve that, and Khloe doesn\u2019t deserve to be without a mother,\u201d Coleman said."}