{"article_id": "6916517445025296337", "keywords": ["details", "dogs", "county", "bull", "released", "pit", "owner", "berkeley", "woman", "dog", "corner", "went", "attacked", "moncks", "victim", "worked"], "title": "New details released after woman attacked by Pit Bull in Moncks Corner", "url": "https://www.counton2.com/news/local-news/berkeley-county-news/new-details-released-after-woman-attacked-by-pitt-bull-in-moncks-corner/", "domain": "counton2.com", "authors": ["Tim Renaud"], "summary": "BERKELEY COUNTY, S.C. (WCBD) \u2013 New details were released Wednesday after a woman, 77, was attacked by a Pit Bull while she worked in a garden at her Berkeley County home.\nThe incident happened along Cornerstone Drive in the Santee Circle community of Moncks Corner around 3:30 p.m. Tuesday.\nThe dog owner said the Pit Bull was on a leash and wearing a harness prior to the attack.\nThe neighbor was carrying a concealed weapon and was asked by the dog\u2019s owner to shoot the animal.\nThe owner of the dog was charged with one count of \u2018animal at large\u2019 and one count of \u2018public disturbance dog attack.\u2019"}