{"article_id": "998260763498256371", "keywords": ["park", "women", "dead", "carlos", "morning", "bull", "school", "donovan", "family", "vicious", "dog", "bulls", "san", "injured", "pit", "wife", "stopped"], "title": "Two women injured, one dog dead after vicious pit bull attack in San Carlos Park", "url": "https://abc-7.com/news/local/2022/12/02/two-women-injured-one-dog-dead-after-vicious-pit-bull-attack-in-san-carlos-park/", "domain": "abc-7.com", "authors": ["Alex Howard"], "summary": "SAN CARLOS PARK, Fla. \u2014 A vicious attack from a pair of pit bulls in San Carlos Park has left two women hurt and a 12-year-old family dog dead.\nIt all happened Thursday morning at the intersection of Bartow and San Carlos Blvd.\nThe two pit bulls who viciously attacked the woman, her daughter and a family pet, came from a house along San Carlos Blvd, through a hole in a fence.\nA distraught husband and father asked ABC7 not to show his face Friday morning, a day after his family was attacked by a pair of pit bulls.\nDriving by that morning in his work truck, Donovan stopped and quickly choked one of the pit bulls to get it to let go."}