{"article_id": "7112718236374045019", "keywords": ["house", "doing", "colbert", "crew", "employees", "arrested", "members", "day", "offices", "job", "stephen", "officers", "triumph", "capitol"], "title": "Stephen Colbert says police who arrested his employees \u2018were just doing their job\u2019", "url": "https://www.theguardian.com/us-news/2022/jun/21/colbert-show-staffers-arrested-capitol-hill-police", "domain": "theguardian.com", "authors": ["Ramon Antonio Vargas"], "summary": "Talkshow host Stephen Colbert on Monday called the recent arrests of seven staffers near the US Capitol \u201cunpleasant\u201d but said both his employees and the police officers who detained them \u201cwere just doing their job\u201d.\n\u201cEveryone was very professional,\u201d Colbert added during the monologue of his show Monday, four days after the arrests.\nThe crew members \u2013 including Robert Smigel, who voices Triumph \u2013 were detained and given citations accusing them of unlawful entry.\n\u201cThe Capitol police are much more cautious than they were, say, 18 months ago, and for a very good reason,\u201d Colbert said.\nHe also added: \u201cThe Capitol police were just doing their job, [and] my staff was just doing their job.\u201d"}