{"article_id": "2107531753967593318", "keywords": ["dog", "immunity", "mullins", "officers", "ruling", "appeals", "dogs", "liberty", "attack", "court", "officer", "township", "backs"], "title": "Court backs Liberty immunity in dog attack", "url": "https://www.tribtoday.com/news/local-news/2022/12/court-backs-liberty-immunity-in-dog-attack/", "domain": "tribtoday.com", "authors": [], "summary": "YOUNGSTOWN \u2014 The 7th District Court of Appeals has affirmed a Mahoning County Common Pleas Court judge\u2019s decision in a civil suit filed by a former Youngstown Fire Department captain after a Liberty Township police dog injured him in his backyard in Youngstown.\nThe officers did not see the dog bite Mullins, but Mullins maintains he suffered injuries to his face and eye and alleged negligence by the Liberty officers.\nOn Dec. 15, Mullins showed a Vindicator reporter the area where the chase and dog attack took place.\nThe appeals panel\u2019s ruling was that Liberty Township was entitled to immunity from liability for Mullins\u2019 injuries because it is a political subdivision and the Liberty officer was pursuing a suspect when the police dog encountered Mullins.\nLiberty Township also did not lose its immunity by chasing the suspect into Mahoning County, the appeals panel ruled."}