{"article_id": "4730556047960487648", "keywords": ["probe", "enniscorthy", "dog", "attack", "wexford", "serious", "woman", "ongoing", "stationalejandro", "weekthe", "treated", "arrested"], "title": "Woman arrested in dog attack probe", "url": "https://www.irishnews.com/news/republicofirelandnews/2022/12/05/news/woman_arrested_in_dog_attack_probe-2929407/", "domain": "irishnews.com", "authors": ["Cate Mccurry"], "summary": "A woman in her 30s has been arrested by gardai investigating a dog attack in Co Wexford last week.\nThe woman was arrested on Monday morning and is currently detained under Section 4 of the Criminal Justice Act at Enniscorthy garda station.\nAlejandro Miszan, nine, is in hospital being treated for serious injuries after he was attacked by a dog in Enniscorthy on Sunday, November 27.\nGardai said investigations are ongoing."}