{"article_id": "10482775462906562329", "keywords": ["grandfathers", "wandered", "dog", "attacked", "girl", "taken", "attack", "bit", "mount", "4yearold", "went", "vernon"], "title": "4-year-old girl attacked by dog in Mount Vernon", "url": "https://www.q13fox.com/news/4-year-old-girl-attacked-by-dog-in-mount-vernon", "domain": "q13fox.com", "authors": ["Fox News Staff"], "summary": "A 4-year-old girl was injured Monday afternoon after she was attacked by a dog in a Mount Vernon neighborhood.\nMedics responded to a report of a girl who was bit by a dog at a home in the 100 block of North 30th Street before 3:30 p.m.\nThe girl was in her grandfather\u2019s garage when the neighbor\u2019s dog wandered over and went inside the garage.\nAccording to police, the dog bit the girl's face, shoulder and bit the grandfather\u2019s hand as he intervened.\nThe Mount Vernon Police Department\u2019s Animal Control is investigating the attack and the dog will be quarantined for 10 days while an investigation of the attack is finished."}