{"article_id": "8208184957233375958", "keywords": ["state", "ancyl", "foundation", "youth", "branch", "pit", "bullet", "speech", "controversial", "figure", "campaign", "free", "bull", "sizwe"], "title": "Free State ANCYL says controversial 'One bullet, One pit bull' campaign is a figure of speech", "url": "https://www.news24.com/news24/southafrica/news/free-state-ancyl-says-controversial-one-bullet-one-pit-bull-campaign-is-a-figure-of-speech-20221205", "domain": "news24.com", "authors": ["Malibongwe Dayimani"], "summary": "The regional leadership of the league now says the \"One bullet, One pit bull\" campaign launched by its Pando Tladi branch shouldn't be interpreted literally.\nA Free State ANC Youth League (ANCYL) branch has sparked controversy by launching a \"One bullet, One pit bull\" campaign urging the public to find creative ways to eliminate the dogs.\nBut the foundation does not support the ANCYL\u2019s One bullet, One pit bull campaign.\nRegional spokesperson Ayanda Madona said the One bullet, One pit bull campaign was merely a slogan, and was meant to be taken figuratively.\nApproached for comment, the Pit Bull Federation of SA said it was strongly against any acts of violence or cruelty against animals."}