{"article_id": "1930833763779580910", "keywords": ["hammer", "suspected", "dogs", "targets", "vet", "mcrorie", "cctv", "thug", "windows", "wrong", "try", "dont", "vets", "scots", "gangland", "attack", "yes", "hit"], "title": "Hammer attack thug targets Scots vet in suspected gangland hit", "url": "https://www.dailyrecord.co.uk/news/hammer-attack-at-dog-vet-28678821", "domain": "dailyrecord.co.uk", "authors": ["Mark Mcgivern"], "summary": "Invalid email Something went wrong, please try again later.\nThe vandal took a hammer to large shop windows then fled but the whole episode was captured on CCTV.\nMcRorie, who hit the headlines after shedding 14st to be a pro boxer, only opened the Yes Vets last September.\nBut McRorie claims he is now more interested in traditional vet work, treating pet dogs, cats, hamsters and other small animals.\nMcRorie said: \u201cIt definitely looks targeted and I don\u2019t know if it\u2019s some kind of rivalry or a warning."}