{"article_id": "10241736324235205494", "keywords": ["covid", "young", "vaccines", "say", "vaccine", "given", "baby", "dose", "kids", "weeks", "toddler", "weigh", "parents"], "title": "Parents weigh in on if their toddler or baby should get COVID vaccine", "url": "https://www.wdef.com/parents-weigh-in-on-if-their-toddler-or-baby-should-get-covid-vaccine/", "domain": "wdef.com", "authors": [], "summary": "Parents weigh in on if their toddler or baby should get COVID vaccineCHATTANOOGA, Tennessee (WDEF)-The Centers for Disease Control and Prevention approved COVID vaccines for Americans younger than 5 years old to as young as 6 months.\nPfizer\u2019s vaccine is a three-dose series, with the first two shots given three weeks apart and the third shot at least two months after the second.\nModerna\u2019s vaccine consists of two doses given four weeks apart.\nAccording to a study, done by Kaiser Family Foundation, found that 18 percent of parents are ready to immediately get their young child vaccinated.\nAnd 27 percent of parents say they will not get their kids vaccinated."}