{"article_id": "14958848387624982287", "keywords": ["wanted", "suffered", "release", "man", "left", "dogs", "sustained", "dog", "shocking", "attack", "serious", "released", "schoolgirl", "cops", "cctv", "met", "injuries", "mauled"], "title": "Schoolgirl, 11, mauled by dog in \u2018sustained attack\u2019 that left her with broken bones as cops release CCTV of wanted man", "url": "https://www.thesun.co.uk/news/20650161/schoolgirl-mauled-dogs-shocking-attack/", "domain": "thesun.co.uk", "authors": ["Ed Southgate"], "summary": "A SCHOOLGIRL was mauled by a dog in a \"shocking and sustained\" attack, police said.\nThe victim suffered serious injuries including broken bones and was said to have been left traumatised.\nShe had walked past a man with two dogs in September when the attack happened in Tower Hamlets, East London.\n\"The incident not only left her with serious injuries \u2013 including broken bones \u2013 but has also left her traumatised.\nAlejandro also suffered serious injuries to his legs and torso."}