{"article_id": "2183386699596749577", "keywords": ["dayton", "dog", "25", "bites", "dogs", "workers", "service", "usps", "carriers", "attacks", "mail", "postal", "carrier", "ranked"], "title": "Dayton in top 25 for dog attacks on postal workers", "url": "https://news.yahoo.com/dayton-top-25-dog-attacks-184500351.html", "domain": "yahoo.com", "authors": ["Jen Balduf", "Dayton Daily News"], "summary": "3\u2014More than 5,400 postal workers were attacked by dogs last year, with seven Ohio cities in the top 25, including Dayton.\nPostal Service released its national dog attack rankings head of National Bite Awareness Week, which starts Sunday and runs through June 11.\nColumbus ranked 11th with 31 bites, Toledo ranked 15th with 27 bites; Cincinnati ranked 17th with 25 bites; Akron ranked 21st with 20 bites; Dayton ranked 22nd with 18 bites; and Youngstown ranked 24th with 16 bites on letter carriers.\nMany attacks last year came from dogs whose owners said \"My dog won't bite,\" according to the postal service.\nWhen mail service is stopped, mail must be picked up at the post office, and service will not be restored until the dog is properly restrained."}