{"article_id": "11428306062953683381", "keywords": ["chicago", "national", "dog", "reported", "dogs", "workers", "usps", "ranks", "attacks", "carrier", "postal", "mail", "cities"], "title": "Chicago Ranks Among Cities With Most Dog Attacks on USPS Postal Workers", "url": "https://www.nbcchicago.com/news/local/chicago-ranks-among-cities-with-most-dog-attacks-on-usps-postal-workers/2849351/", "domain": "nbcchicago.com", "authors": [], "summary": "Postal Service on Thursday released its national dog attack rankings, revealing Chicago as one of the cities with the most attacks on USPS postal workers.\nAhead of a National Dog Bite Awareness Week public service campaign, which runs June 5 to 11, the USPS disclosed more than 5,400 postal employees were attacked by dogs during the course of 2021.\nChicago was eighth on the list for the highest number of dog attacks on USPS workers, with 35 attacks reported in 2021.\nIn 2020, Chicago experienced 59 attacks, which was behind only Houston, which reported 73 attacks that year.\nRemind their children not to take mail directly from a letter carrier as the dog may view the carrier as a threat."}