{"article_id": "331418409600310941", "keywords": ["911", "weapon", "bowl", "alamance", "andrews", "father", "punching", "charged", "graham", "attack", "wooden", "man", "son", "county", "dog", "used", "deputies"], "title": "Deputies: Man charged with punching father used dog bowl in attack", "url": "https://www.wral.com/deputies-man-charged-with-punching-father-used-dog-bowl-in-attack/20609768/", "domain": "wral.com", "authors": [], "summary": "GRAHAM, N.C. \u2014 An Alamance County man is accused of punching his father in the head and using other objects to strike him.\nDeputies with the Alamance County Sheriff's Office responded to a 911 call at a home in Graham, where a 62-year-old man said his son punched him then assaulted him with a wooden table and metal dog bowl.\nThe man said he was also cut during the incident and told deputies when he first tried to call 911, his son took the phone away.\nAndrews was charged Tuesday with felony assault with a deadly weapon inflicting serious injury and misdemeanor interfering with emergency communications.\nAndrews was being held at the Alamance County Detention Center on domestic hold until he can face a judge."}