{"article_id": "14456682756351229831", "keywords": ["kill", "showed", "according", "mother", "grantham", "trudeau", "wimpy", "yearadvertisementaccording", "kid", "murder", "court", "targeted", "killed", "actor", "justin", "diary", "hearing", "killing", "reports"], "title": "'Diary Of A Wimpy Kid' Actor Who Killed Mother Also Targeted Justin Trudeau: Court", "url": "https://www.huffpost.com/entry/ryan-grantham-diary-of-a-wimpy-kid-killed-mother_n_62ab6226e4b06594c1d3a3a7", "domain": "huffpost.com", "authors": ["Senior Reporter"], "summary": "Actor Ryan Grantham in November 2013.\nAndrew Chin via Getty ImagesThat revelation came during the sentencing hearing for the 24-year-old Grantham, who pleaded guilty to second-degree murder earlier this year.\nAdvertisementAccording to the CBC, Grantham shot 64-year-old Barbara Waite in the back of the head in March 2020 while she was playing the piano.\nHowever, when he got to Hope, B.C., he turned around, drove to Vancouver police headquarters and told police, \u201cI killed my mum,\u201d according to Complex.\nGrantham also mentioned his plan to kill Trudeau in a statement to police and in an excerpt from his private journal that was read in court."}