{"article_id": "5061875343102153109", "keywords": ["dogs", "thats", "ireland", "restricted", "johnny", "breed", "pitbull", "list", "dog", "banned", "county", "11"], "title": "No dogs are banned in Ireland but 11 are on restricted list", "url": "https://www.independent.ie/regionals/wexford/news/no-dogs-are-banned-in-ireland-but-11-are-on-restricted-list-42200601.html", "domain": "independent.ie", "authors": [], "summary": "In Ireland there are no dogs banned, however, 11 breeds are on a restricted list that means conditions are attached to who owns them, where they can be housed and how they are controlled when out in public.\nThe 11th dog on the restricted list is categorised as \u2018Bandog\u2019 which is a cross-breed of any of the aforementioned restricted lit dogs.\nSuch dogs must be licences and micro-chipped and only adults over 18 years of age are allowed to own a restricted breed.\nHe also pointed out that while the restricted list has the 11 dogs on it what\u2019s not listed here fully are the crossbreeds which, in theory, could be extensive.\n\"The crossbreeds of each of those dogs that are on that list are also on the dangerous dogs list,\u201d he added."}