{"article_id": "1207093532259371156", "keywords": ["deputies", "dogs", "states", "area", "shoot", "owner", "elderly", "woman", "report", "dog", "attack", "told", "injured", "wcsc", "passerby", "victim", "say"], "title": "Owner of dog that injured elderly woman asked passerby to shoot dog during attack, deputies say", "url": "https://www.live5news.com/2022/06/22/owner-dog-that-injured-elderly-woman-asked-passerby-shoot-dog-during-attack-deputies-say/", "domain": "live5news.com", "authors": [], "summary": "Deputies responded at 3:38 p.m. Tuesday to the Cornerstone Drive home of a 78-year-old woman who was injured by the dog, the report states.\nA neighbor who owned the dog told deputies the dog was on a leash and wearing a harness as they walked along the street.\nThe dog\u2019s owner said she did everything she could to get the dog away and that during the attack, a man passing by tried to help.\nThe man was carrying a concealed weapon and the dog\u2019s owner told him to shoot the dog.\nThe man\u2019s gun, a Baretta 9mm, was later released to its owner, the report states."}