{"article_id": "5706876239776479592", "keywords": ["shooting", "thats", "say", "heard", "drive", "3yearold", "search", "driveby", "wtvd", "child", "shooter", "injured", "bunche", "shot", "goldsboro"], "title": "3-year-old shot in drive-by, Goldsboro police search for shooter", "url": "https://abc11.com/toddler-shot-drive-by-shooting-goldsboro-bunche/11966387/", "domain": "abc11.com", "authors": ["Tim Pulliam"], "summary": "\"It's unreal really,\" said Eugene Seward, who lives off Bunche Drive.\n\"It's the nature of the beast that's going around the country.\n\"Neighbor James Hall was shocked after finding out who was shot.\nAll I heard was shots,\" said Hall.Police have not found the shooter.\nIf caught, they'll face an attempted 1st degree murder charge."}