{"article_id": "14715309410838108276", "keywords": ["toby", "attacked", "trail", "told", "tallahassee", "ate", "man", "dog", "water", "alligator", "florida", "report", "wells"], "title": "Florida man says alligator attacked, ate his dog 'like it was nothing': report", "url": "https://www.fox10phoenix.com/news/florida-man-says-alligator-attacked-ate-his-dog-like-it-was-nothing-report", "domain": "fox10phoenix.com", "authors": ["Fox News Staff"], "summary": "articleA north Florida man is mourning the loss of his beloved dog after he said he watched helplessly as an alligator attacked and ate his pet.\nJosh Wells told the Tallahassee Democrat he was on the J.R. Alford Greenway Trail with his dog Toby, a 40 lb.\nHe had been playing fetch with Toby, who was standing in the shallow water off the trail, when an alligator suddenly grabbed his dog head-first.\nAccording to a Florida Fish and Wildlife incident report, the gator that ate Toby was just over 9 feet long.\nLate last month, a man searching for disc golf discs in a Largo lake was likely attacked and killed by a gator."}