{"article_id": "9650443500314205472", "keywords": ["toddler", "hospitals", "centers", "health", "children", "shots", "directly", "vaccines", "state", "preordering", "florida", "covid19", "federal"], "title": "Florida only state not preordering toddler COVID-19 vaccines", "url": "https://www.wftv.com/news/health/florida-only-state/5XPQSGR3BADECGKX2FYHMTXECY/", "domain": "wftv.com", "authors": [], "summary": "(Ben Garver/The Berkshire Eagle via AP, File) (Ben Garver)MIAMI \u2014 (AP) \u2014 Florida is the only state that hasn\u2019t preordered COVID-19 vaccines for toddlers in anticipation of their final approval by the federal government, and Gov.\nFlorida\u2019s Health Department does not recommend COVID-19 vaccines for healthy children under 17, but says children with underlying health conditions should be considered candidates for them.\nIn Florida, pharmacies and several supermarket chains, plus some community health centers, can preorder vaccines directly from the federal government.\nJoe DiMaggio\u2019s Children\u2019s Hospital, which has several centers in South Florida, has previously has ordered vaccines via the state portal, officials said.\nPreordering the shots would mean the Florida health department would stockpile them, ship them to county-level health departments and then out to the hospitals, Redfern said."}