{"article_id": "8500551655176958043", "keywords": ["need", "dogs", "laws", "breed", "enforce", "breeds", "bull", "dog", "populism", "warden", "issue", "kneejerk", "attacks", "stopped", "owners"], "title": "Dog attacks will not be stopped by knee-jerk populism, we need to enforce the laws already there", "url": "https://www.independent.ie/regionals/wexford/lifestyle/dog-attacks-will-not-be-stopped-by-knee-jerk-populism-we-need-to-enforce-the-laws-already-there-pete-wedderburn-42190507.html", "domain": "independent.ie", "authors": [], "summary": "The local dog warden has the job of getting people to comply, and there are not enough dog wardens.\nThe dog warden is employed by local authorities, who get the funding for dog warden salaries from the revenue generated from dog licences.\nYet it is estimated that less than half of dog owners bother to pay their dog licence fee.\nThe third reason why new breed-based legislation is not needed is that dog breeds are only a small part of the issue of dog attacks on children.\nIf all of these factors were addressed, the incidence of serious dog attacks would reduce far more significantly than trying to get rid of some breeds of dog."}