{"article_id": "9062749159790207223", "keywords": ["charged", "jackson", "man", "men", "lady", "white", "gaga", "prison", "ryan", "involved", "pleaded", "walker", "sentenced", "fischer", "shooting", "office", "gagas"], "title": "Lady Gaga dog walker: Man involved in shooting of Ryan Fischer sentenced to 21 years in prison", "url": "https://www.cnn.com/2022/12/05/us/lady-gaga-dog-walker-shooting-james-jackson-sentence/index.html", "domain": "cnn.com", "authors": ["Taylor Romine Elizabeth Wolfe", "Taylor Romine", "Elizabeth Wolfe"], "summary": "CNN \u2014One of the people charged in the shooting and robbery of Lady Gaga\u2019s dog walker last year has been sentenced to 21 years in state prison, the Los Angeles County District Attorney\u2019s office said Monday.\nThe dog walker, Ryan Fischer, was walking Lady Gaga\u2019s three French bulldogs on February 24, 2021 when he was accosted and shot.\nJackson was one of three men who were driving around Los Angeles in February 2021 looking for bulldogs when they came across Fischer with Lady Gaga\u2019s dogs, according to a criminal complaint.\nTwo of the men jumped out of the car and began to choke and hit Fischer, who struggled against the attackers, the complaint said.\nCNN has reached out to attorneys for Jackson and White for comment."}