{"article_id": "13178684408881443175", "keywords": ["dog", "licensing", "dogs", "department", "control", "minister", "written", "following", "pit", "boy", "enforcement", "xl", "tightened", "bull", "attack", "rural", "wexford"], "title": "Dog licensing to be tightened up following pit bull attack on boy (9)", "url": "https://www.independent.ie/irish-news/politics/dog-licensing-to-be-tightened-up-following-pit-bull-attack-on-boy-9-42203812.html", "domain": "independent.ie", "authors": [], "summary": "Alejandro Miszan (9), of Old Forge Road, Enniscorthy, Co Wexford, was attacked by an XL Bully dog while playing near his home on November 27.\nFollowing the attack, the Government is planning a major crackdown on dog controls.\nHe has written to Social Protection and Rural Affairs Minister Heather Humphreys as the Control of Dogs Act comes under her rural portfolio.\nMeanwhile, Housing Minister Darragh O\u2019Brien is responsible for local councils, which oversee policing and enforcement of dog controls through the issuing of licences.\nThe department found that measures targeting specific breeds would not on their own improve dog control and advised there was a need to further promote a culture of responsible dog ownership."}