{"article_id": "8531233557731024523", "keywords": ["queensland", "yard", "told", "property", "meter", "death", "road", "man", "kevin", "dogs", "reader", "family", "mauled", "9news"], "title": "Meter reader mauled to death by dogs in Queensland front yard", "url": "https://www.9news.com.au/national/man-dies-after-dog-attack-in-greenbank-queensland/d4bfbdde-f7b1-49cc-8cc5-b38fe720b159", "domain": "9news.com.au", "authors": ["Dec"], "summary": "An Energex worker has been mauled to death by dogs while trying to read a meter on a Queensland property this morning.\nThe 42-year-old was found unconscious with serious injuries in the front yard of a fenced property on Ison Road in Greenbank.\nREAD MORE: \ufeff Man dies after fight in Brisbane suburb overnightA man has died after a dog attack in Queensland this morning.\nPolice found three large mixed-breed dogs inside the yard and handed them over to council animal control officers.\nEnergex Area Manager Kevin Lavender told 9News \"our heartfelt condolences go out to his family, his friends and his work colleagues\"."}