{"article_id": "3853840389149360945", "keywords": ["feature", "try", "contractor", "queensland", "unavailable", "dies", "restore", "propertywere", "working", "attack", "sorry", "property", "laterdismiss", "dog"], "title": "Contractor dies after dog attack on Queensland property", "url": "https://www.theage.com.au/national/contractor-dies-after-dog-attack-on-queensland-property-20221203-p5c3eo.html", "domain": "theage.com.au", "authors": [], "summary": "Contractor dies after dog attack on Queensland propertyWe\u2019re sorry, this feature is currently unavailable.\nWe\u2019re working to restore it.\nPlease try again later."}