{"article_id": "3205288447603622725", "keywords": ["notifications", "sheriff", "problem", "taken", "saving", "savedthere", "notification", "victim", "attack", "action", "subject", "matching", "owner", "items", "dog", "sent", "notificationdescriptionemail", "recovering", "burkeville"], "title": "Burkeville dog attack victim recovering as sheriff says action taken against dog owner", "url": "https://www.kjas.com/news/local_news/article_c7f4304c-774c-11ed-8037-878c5dc30fc7.html", "domain": "kjas.com", "authors": ["Steve W Stewart", "Steve Stewart", "Photo Provided To Kfdm News Shelly Engel"], "summary": "Close Get email notifications on {{subject}} daily!\nYour notification has been saved.\nThere was a problem saving your notification.\n{{description}}Email notifications are only sent once a day, and only if there are new matching items."}