{"article_id": "5047131891651114831", "keywords": ["berkeley", "hospital", "77", "count", "deputies", "county", "dog", "taken", "woman", "owner", "attack", "recovering", "sc", "neighbor"], "title": "Woman, 77, taken to hospital after dog attack in SC", "url": "https://www.wspa.com/news/state-news/woman-77-taken-to-hospital-after-dog-attack-in-sc/", "domain": "wspa.com", "authors": ["Tim Renaud"], "summary": "MONCKS CORNER, S.C. (WCBD) \u2013 A 77-year-old woman is recovering after she was attacked by a dog Tuesday afternoon in Berkeley County.\nThe woman was working in a garden at her Santee Circle home when the attack happened.\nBerkeley County deputies said the owner had the dog in a harness, but the pit bull was able to escape from the restraint and attack the woman.\nOfficials said the dog\u2019s owner told the neighbor to shoot the dog to stop the attack.\nThe owner of the dog was charged with one count of \u2018animal at large\u2019 and one count of \u2018public disturbance dog attack.\u2019"}