{"article_id": "15500423168920883573", "keywords": ["man", "kayla", "looking", "des", "attacking", "moines", "dogs", "stay", "breaking", "west", "attack"], "title": "Dogs attack man in West Des Moines", "url": "https://www.kcci.com/article/dogs-attack-man-west-des-moines-iowa/42193007", "domain": "kcci.com", "authors": [], "summary": "Dogs attack man in West Des Moines Share Copy Link CopyHide Transcript Show TranscriptDEEP FOR HIGHS.\nA MAN WAS ATTACKED IN WEST DES MOINES AT AN APARTMENT COMPLEX JUST OFF 50TH STREET ON HAWTHORNE DRIVE.\nPOLICE STILL LOOKING FOR ONE OF TWO DOGS THAT THEY SAY ATTACKED THE MAN HERE ACROSS THE STREET AT THE PALINS APARTMENT.\nTHOSE TWO DOGS WERE STILL ATTACKING HIM BECAUSE THEY WERE STILL ATTACKING AND NOT BACKING OFF WHEN POLICE GOT HERE.\nLIVE IN WEST DES MOINES, KAYLA JAMEGET LOCAL BREAKING NEWS ALERTS The latest breaking updates, delivered straight to your email inbox."}