{"article_id": "11933129512034882686", "keywords": ["73", "family", "festive", "asda", "christmas", "pet", "cent", "dogs", "enjoy", "dog", "owners", "dinner"], "title": "73% of dogs will get a Christmas dinner this year", "url": "https://www.leicestermercury.co.uk/whats-on/food-drink/73-dogs-christmas-dinner-year-7943597", "domain": "leicestermercury.co.uk", "authors": ["Neil Shaw"], "summary": "Never get FOMO again by signing up to our free Food and Drink email updatesEight in 10 dog owners want their dogs to feel part of the Christmas celebration, saccording to Asda Money\u2019s survey of 1,000 UK dog owners.\nThe survey showed that 73 per cent of pooches will sit down to a dog-friendly Christmas dinner this year \u2013 with almost a quarter of dogs being set a place at the dinner table.\nA further 19 per cent are desperate to let their dog sit at the table on December 25, but their family won\u2019t allow it.\nThe research also reveals that British pooches will not be missing out on dessert, as 27 per cent will enjoy a dog-friendly Christmas cake or pudding after their main course.\nAlmost two-thirds of owners confess they would go to town and completely spoil their dog for Christmas if their family would let them."}