{"article_id": "11685662242199451094", "keywords": ["saw", "county", "wsbtv", "man", "video", "arrest", "clayton", "caught", "punching", "dog", "camera", "media", "say", "dragging", "woman"], "title": "Police arrest Clayton County man caught on camera punching, dragging dog", "url": "https://www.wsbtv.com/news/local/clayton-county/police-arrest-clayton-county-man-caught-camera-punching-dragging-dog/NYXU5CD75BASND33OLKJ7XZRAM/", "domain": "wsbtv.com", "authors": ["Wsbtv.Com News Staff"], "summary": "Neighbors speak out about pitbull attackLOVEJOY, Ga. \u2014 A man accused of violently abusing a dog in front of a Clayton County townhouse has been arrested.\nDisturbing video captured in front of the Lovejoy building shows the man punch a pit bull before dragging it away.\nThey identified the man seen in the video as Michael Gibbs.\nInvestigators say that after speaking with Gibbs and witnesses, he was arrested and charged with cruelty to animals.\n\u201cIt (the dog) dropped down because he was expecting to be hit.\u201dThe dog has been removed from the home and is being taken care of by Clayton County Animal Control."}