{"article_id": "12754081833971302631", "keywords": ["train", "love", "car", "wouldnt", "couple", "paddy", "wedding", "happiness", "dart", "dublin", "irishcanadian", "track", "married", "meghan"], "title": "Irish-Canadian couple on track to happiness as they take the DART to get married", "url": "https://www.sundayworld.com/lifestyle/real-life/irish-canadian-couple-on-track-to-happiness-as-they-take-the-dart-to-get-married/1589744365.html", "domain": "sundayworld.com", "authors": ["Eugene Masterson"], "summary": "DART driver Paddy Murray and his bride Meghan Aarssen travelled by train from Greystones in Co Wicklow to Grand Canal Dock in Dublin for their big day last September.\nThe couple, who appear in an RT\u00c9 documentary on the famous Dublin commuter service, married after a whirlwind romance.\nPaddy and Meghan got married in September\u201cI wouldn\u2019t swap it for anything else in the world.\nThat, to me, is wonderful.\u201dWhen the couple planned their wedding date Paddy came up with the idea of taking theDartto the registry office in Dublin.\nPaddy and Meghan got married in September\u201cWe would have had to rent three cars, because we don\u2019t own a car, we cycle everywhere."}