{"article_id": "12488048762224082066", "keywords": ["attacker", "man", "gets", "gaga", "gagas", "pop", "statement", "dog", "jail", "attacking", "attack", "lady", "jackson", "21", "walker"], "title": "Man gets 21 years in jail for attacking Lady Gaga's dog walker", "url": "https://economictimes.indiatimes.com/news/international/uk/man-gets-21-years-in-jail-for-attacking-lady-gagas-dog-walker/articleshow/96038506.cms", "domain": "indiatimes.com", "authors": [], "summary": "The animals Lady Gaga watched for killer Gucci roleAutoplay Autoplay 1 of 11 The animals Lady Gaga watched for killer Gucci role \u200bAnimal inspiration Lady Gaga says she had some animal inspiration for her role in 'House of Gucci'.\nFAQs: What is the name of Lady Gaga's dog walker?\nRyan Fischer is the name of Lady Gaga's dog walker.\nFor how many years will the attacker stay behind the bar for attacking Lady Gaga's dog walker?\nOne of the three men, who were involved in attacking pop singer Lady Gaga's dog walker, has been sentenced to 21 years in state prison, officials from the Los Angeles County District Attorney have informed."}