{"article_id": "449040942533936091", "keywords": ["shouting", "keynes", "ok", "child", "shooting", "recorded", "inquest", "know", "mr", "tasered", "saying", "hears", "milton", "igweani", "hitting", "let", "kelvin"], "title": "Milton Keynes shooting: Police tasered Kelvin Igweani first, inquest hears", "url": "https://www.bbc.com/news/uk-england-beds-bucks-herts-61880554", "domain": "bbc.com", "authors": [], "summary": "They could be heard saying \"let me know the child is OK\" and \"let the child out\", but Mr Igweani was recorded shouting and hitting something."}