{"article_id": "7557449248551364680", "keywords": ["county", "office", "sheriffs", "tennessee", "boyd", "dogs", "dog", "attack", "70yearold", "sevier", "dies", "woman"], "title": "70-year-old woman dies in dog attack", "url": "https://www.wftv.com/news/trending/70-year-old-woman-dies-dog-attack/OPWSM5WIZBGCXFODVHFWBI3IFY/", "domain": "wftv.com", "authors": ["Natalie Dreier", "Cox Media Group National Content Desk"], "summary": "Dog attack FILE PHOTO: A sheriff's office in Tennessee said a woman died after she received numerous dog bites.\n(PhotoStorm22/Getty Images/iStockphoto)SEVIER COUNTY, Tenn. \u2014 A Tennessee woman was found dead in her home after what officials said was an attack by her family\u2019s dogs.\nOfficials with the Sevier County Sheriff\u2019s Office said Boyd had suffered from \u201cnumerous dog bites.\u201dTwo dogs were secured by family members of Boyd in her home\u2019s backyard before first responders arrived.\nHowever, the animals \u2014 as well as a small child \u2014 had been inside the home at the time of the attack, WVLT reported.\nSheriff Ron Seals ~ A Sevier County woman has died as a result of an attack by a family dog."}