{"article_id": "11343158980858732409", "keywords": ["team", "casper", "wound", "lifeline", "brosman", "coyotes", "vets", "alive", "protecting", "bad", "good", "looked", "sheep", "lucky", "care", "dog", "hes", "killed"], "title": "'He's lucky to be alive' | Vets describe care for dog that killed 8 coyotes protecting sheep", "url": "https://www.11alive.com/article/life/animals/decatur-georgia-dog-killed-coyotes-protecting-sheep-nurses-describe-care/85-38ff780e-627d-4d1c-8750-08525e1061e3", "domain": "11alive.com", "authors": [], "summary": "The team at LifeLine Animal Project has been helping the dog, Casper, rehab following the incident which happened about a month ago.\n\"He's lucky to be alive,\" said Dr. Susan Brosman, with LifeLine Animal Project.\nThe team at LifeLine has been helping the dog, Casper, rehab following the incident which happened about a month ago.\nThey described the harrowing situation as the dog, just 20 months old, was left with serious wounds to his back and neck.\nCasper also lost his tail in the attack, the vet said, and wasn't found after the attack for two days."}