{"article_id": "14951528659249185509", "keywords": ["helps", "dog", "shes", "surgery", "house", "nose", "stewart", "provided", "tina", "pass", "survivor", "friend", "attack", "ive", "emily"], "title": "Pass It On: Friend helps dog attack survivor", "url": "https://wreg.com/news/pass-it-on/pass-it-on-friend-helps-dog-attack-survivor/", "domain": "wreg.com", "authors": ["Tim Simpson"], "summary": "\u2014 A DeSoto County woman is recovering from a dog attack that has left her out of work and in need of some financial help.\nTina Stewart has been described as extremely kind, generous, and someone who always puts the needs of others before her own.\n\u201cSo Tina was attacked by their family dog, and it got part of her nose.\n\u201cThe whole end of my nose was gone, so they took a strip starting all the way up here and just flipped it over and stuck it on the end of my nose,\u201d Tina said.\n\u201cIt\u2019s the strangest thing I\u2019ve ever seen.\u201dTina Stewart after reconstruction surgery following dog attack (provided photo)Tina is thankful for the surgery and the cash surprise."}