{"article_id": "11796919346483187235", "keywords": ["theyre", "posters", "wsbtv", "bartow", "adorable", "atlanta", "metro", "animal", "cartersville", "wait", "dogs", "county", "wanted"], "title": "Metro Atlanta police put out adorable wanted posters for found dogs", "url": "https://www.wsbtv.com/news/local/bartow-county/metro-atlanta-police-put-out-adorable-wanted-posters-found-dogs/OWC533V2LJE6JKJKSAPX4OPR4I/", "domain": "wsbtv.com", "authors": ["Wsbtv.Com News Staff"], "summary": "CARTERSVILLE, Ga. \u2014 There\u2019s some new canine criminals in metro Atlanta, but at least they\u2019re cute.\nPolice in Cartersville are helping out the Bartow County Animal Control by putting out adorable wanted posters to highlight all the furry friends they\u2019ve found missing from their owners.\nBandit to the Fairview Fiend to the Adorable Absconder and many more.\nExpand Autoplay Image 1 of 10 Handsome Hound, found in Cartersville (Cartersville Police Department)TRENDING STORIES:Police say they\u2019re all \u201cguilty of being incredibly adorable but also running loose.\u201dThe wanted posters also list where the dogs were found as well as the address and contact information for the Bartow County Animal Shelter where they are being held.\n[SIGN UP: WSB-TV Daily Headlines Newsletter]IN OTHER NEWS:Georgia Tech student builds robot \u2018artist\u2019\u00a92022 Cox Media Group"}