{"article_id": "12718967212724874078", "keywords": ["prosecutor", "child", "deadly", "dog", "wasnt", "vicious", "wont", "kills", "charges", "told", "county", "washington"], "title": "Washington Co. prosecutor says no charges after dog kills child", "url": "https://www.4029tv.com/article/springdale-toddler-killed-dog/42159128", "domain": "4029tv.com", "authors": [], "summary": "Washington County prosecutor says no charges in deadly dog attackThe Washington County prosecutor won't file charges in a deadly dog attack.A dog killed a toddler at a home in Springdale in Nov. 2022, Matt Durrett, prosecutor, told 40/29 News.There wasn't enough evidence to show that the child's family knew the dog was vicious, he said.The dog was euthanized after the attack.\nThe Washington County prosecutor won't file charges in a deadly dog attack.\nA dog killed a toddler at a home in Springdale in Nov. 2022, Matt Durrett, prosecutor, told 40/29 News.\nAdvertisementThere wasn't enough evidence to show that the child's family knew the dog was vicious, he said.\nThe dog was euthanized after the attack."}