{"article_id": "14189992136457256195", "keywords": ["9yearold", "girl", "attack", "reportedly", "karnal", "haryanas", "breeds", "ghaziabad", "pitbull", "tears", "attacks", "terrace", "latest", "dog", "girls", "face"], "title": "Pitbull Dog Attacks 9-Year-old Girl, Tears Off Part of Her Face in Haryana's Karnal", "url": "https://www.news18.com/news/india/pitbull-dog-attacks-9-year-old-girl-tears-off-part-of-her-face-in-haryanas-karnal-6642427.html", "domain": "news18.com", "authors": ["About The Author"], "summary": "Reports of pitbull dog attacks continue to haunt people across the country, this time a 9-year-old girl fell prey to a pitbull attack in Haryana\u2019s Karnal.\nThe neighbor\u2019s pitbull reportedly jumped into the terrace of Mahi\u2019s home and attacked it.\nThe dog reportedly tore off part of the girl\u2019s face.\nThe pitbull reportedly bit the girl\u2019s mouth before it was freed by the girl\u2019s family.\n\u201cThe three breeds \u2014 Pitbull, Rottweiler and Dogo Argentino \u2014 are ferocious (khoonkhar), and no permission will be granted to keep these dogs."}