{"article_id": "7114378504988591253", "keywords": ["mauled", "life", "left", "vicious", "lifefamily", "7monthold", "pit", "speaking", "dc", "fighting", "bulls", "inside"], "title": "7-month-old mauled by pit bulls inside DC home; left 'fighting for his life'", "url": "https://www.fox5dc.com/video/1139877", "domain": "fox5dc.com", "authors": ["No Author"], "summary": "7-month-old mauled by pit bulls inside DC home; left 'fighting for his life'Family is speaking out after a vicious pit bull attack left a 7-month-old boy fighting for his life."}