{"article_id": "8729309254276774155", "keywords": ["witness", "outside", "recalls", "say", "motel", "mean", "told", "man", "moment", "alligator", "dog", "florida", "horrific", "gator", "mistaken"], "title": "Witness recalls 'horrific' moment gator mistaken for dog attacked man outside Florida motel", "url": "https://www.wesh.com/article/gator-mistaken-dog-florida-attack/40239665", "domain": "wesh.com", "authors": ["Chelsea Robinson", "Https", "Www.Facebook.Com", "Digital Media Manager"], "summary": "More details are emerging after a man was attacked by an alligator he mistook for a dog outside a Florida motel.\nBy the time he got outside, deputies were already working to bring the 7-foot gator under control.\nMore details are emerging after a man was attacked by an alligator he mistook for a dog outside a Florida motel.\nAdvertisementThe Sarasota County Sheriff\u2019s Office said the man was walking outside the motel and saw a figure moving along the bushes on a path.\nA witness identified only as Will told WBBH he rushed outside when he heard the victim's wife screaming."}