{"article_id": "5299770504692702615", "keywords": ["aunt", "7monthold", "baby", "fighting", "started", "mauled", "woman", "really", "attack", "pit", "family", "owner", "life", "dc", "bulls", "inside", "dog", "left", "happened"], "title": "7-month-old mauled by pit bulls inside DC home; left 'fighting for his life'", "url": "https://www.fox5dc.com/news/7-month-old-mauled-by-pit-bulls-inside-dc-home-left-fighting-for-his-life", "domain": "fox5dc.com", "authors": ["Lindsay Watts"], "summary": "Family is speaking out after a vicious dog attack left a 7-month-old boy fighting for his life.\nThe mauling happened Thursday inside a home on the 4400 block of Dix Street in Northeast D.C. Family of the infant said the two dogs involved were pit bulls.\nD.C. Police said a woman was also critically injured in the dog attack.\n\"My sister had left her baby with someone who was supposed to watch her baby for her,\" the child's aunt said.\nFamily shared photos of the baby smiling in his Halloween costume just days before the dog attack."}