{"article_id": "8370730592534371293", "keywords": ["dogs", "garda\u00ed", "terrier", "widens", "ongoing", "wexford", "seized", "pitbull", "list", "investigation", "attack", "bull", "kept"], "title": "Eleven dogs seized by Garda\u00ed as investigation into Wexford pitbull attack widens", "url": "https://www.independent.ie/regionals/wexford/news/eleven-dogs-seized-by-gardai-as-investigations-into-wexford-pitbull-attack-widens-42200581.html", "domain": "independent.ie", "authors": [], "summary": "ELEVEN dogs were seized from a house in Bunclody on Monday as part of the ongoing investigation into a horrific attack by a dog in Enniscorthy that left a 9-year-old boy with serious injuries.\nThe dogs were seized from the one house in Bunclody on Monday morning in an operation that included members of the garda\u00ed and the Wexford County Council dog warden.\nInspector Syl Hipwell said that some of the dogs seized were on the Irish restricted dogs list which is comprised of 10 specified breeds and one \u2018bandog\u2019 category which caters for cross-breeds of the other 10.\nWhile there are no dogs banned in Ireland the dogs on the list are banned from being kept in local authority housing estates.\nThe dogs on the list include: American Pit Bull Terrier; English Bull Terrier; Staffordshire Bull Terrier; Bull Mastiff; Dobermann Pinscher; Rottweiler; German Shepherd (Alsatian); Rhodesian Ridgeback; Japanese Akita and Japanese Tosa."}