{"article_id": "17712619024110002683", "keywords": ["dog", "ipswich", "wwwcrimestoppersukorgplease", "threatened", "lead", "wearing", "attack", "witnesses", "man", "described", "wood", "contact"], "title": "Man threatened after dog attack in Ipswich", "url": "https://www.suffolk.police.uk/news/latest-news/man-threatened-after-dog-attack-ipswich", "domain": "suffolk.police.uk", "authors": [], "summary": "Police are appealing for witnesses after a man was threatened following an attack on his dog in Ipswich.\nThe victim was walking in Millennium Wood, Bobbits Lane, on Friday 4 November at 10.30am when a dog on a lead lunged at and injured his own pet, which was also on a lead.\nWhen he asked the owner for his details the man swore at him and threatened to stab him.\nThe man is described as being in his mid to late 20s, skinny, 6ft tall and wearing a brown jacket.\nHis dog was described as a tan pitbull-type animal."}