{"article_id": "16344208397939446077", "keywords": ["brother", "trial", "andy", "chelsea", "charge", "charged", "murder", "tallaght", "siblings", "face", "cawley", "cash", "24", "district", "court", "whitty", "christy"], "title": "Andy cash (24) charged with murder of his three siblings in Tallaght is to face trial", "url": "https://www.sundayworld.com/crime/courts/andy-cash-24-charged-with-murder-of-his-three-siblings-in-tallaght-is-to-face-trial/464830420.html", "domain": "sundayworld.com", "authors": ["Tom Tuite"], "summary": "They charged Andy Cash, also from Rossfield Avenue, with the three murders, and he was remanded in custody by a late special sitting of the district court on September 5.\nLisa Cash with twins Chelsea and Christy Cawley \u2014 PAHe appeared again at Cloverhill District Court yesterday via video link.\nState solicitor Clare Barry told Judge Cephas Power that the DPP had directed trial on indictment in the Central Criminal Court.\nHe will appear again at the district court on December 22.\nThe district court cannot grant bail in a murder case which requires a High Court application."}