{"article_id": "16639586215628477945", "keywords": ["funeral", "subscriber", "businesses", "target", "shown", "death", "servicesthese", "reading", "week", "announcements", "local", "timesclose", "adverts", "support"], "title": "Reading death and funeral announcements this week", "url": "https://www.readingchronicle.co.uk/news/23197409.reading-death-funeral-announcements-week/", "domain": "readingchronicle.co.uk", "authors": ["Nicole Mcbride"], "summary": "As a subscriber, you are shown 80% less display advertising when reading our articles.\nThose ads you do see are predominantly from local businesses promoting local services.\nThese adverts enable local businesses to get in front of their target audience \u2013 the local community.\nIt is important that we continue to promote these adverts as our local businesses need as much support as possible during these challenging times."}