{"article_id": "8267093117389645180", "keywords": ["jailed", "resigned", "drank", "sex", "photographs", "force", "horrific", "wine", "woman", "met", "handler", "dog", "attack", "showed", "heard", "manchester", "invited", "greater"], "title": "Greater Manchester Police dog handler jailed for 'horrific' sex attack", "url": "https://www.bbc.com/news/uk-england-lancashire-61884717", "domain": "bbc.com", "authors": [], "summary": "The court heard Ceraldi, who has since resigned from the force, met the woman on 1 April and was invited back to her home, where they drank wine and he showed her photographs of his police dog."}