{"article_id": "9278141237453433883", "keywords": ["huron", "washtenaw", "dog", "society", "humane", "shoots", "husband", "kills", "dec", "wifes", "shooting", "county", "finney"], "title": "Husband shoots, kills wife\u2019s dog in Washtenaw County home", "url": "https://www.mlive.com/news/ann-arbor/2022/12/husband-shoots-kills-wifes-dog-in-washtenaw-county-home.html", "domain": "mlive.com", "authors": ["Nathan Clark"], "summary": "WASHTENAW COUNTY, MI \u2013 A dog is dead and a man faces a felony charge after allegedly shooting his wife\u2019s dog in an Ypsilanti Township home Sunday morning.\nChristopher Dean Finney, 50, was arraigned Monday, Dec. 5, on one count of reckless discharge of a firearm in a building in connection with the shooting of his wife\u2019s dog.\nPolice were called at 8:52 a.m. Sunday, Dec. 4, to a home in the 2000 block of Holmes Road for a report of shots fired, according to the Washtenaw County Sheriff\u2019s Office.\nThe dog, a young 70-pound Cane Corso female, succumbed to her injuries and died, according to the Humane Society of Huron Valley.\nWashtenaw County Magistrate Tamara Garwood granted Finney a $10,000 personal recognizance bond."}