{"article_id": "11932330232250670473", "keywords": ["property", "south", "dogs", "yard", "meter", "brisbane", "morning", "privacy", "work", "reader", "mauled", "death", "spokesperson", "worked", "tributes"], "title": "Tributes for Brisbane meter reader mauled to death by dogs", "url": "https://www.theguardian.com/australia-news/2022/dec/04/tributes-for-brisbane-meter-reader-mauled-to-death-by-dogs", "domain": "theguardian.com", "authors": ["Joe Hinchliffe"], "summary": "Colleagues have paid tribute to 42-year-old meter reader Kane Minion, who was mauled to death by dogs on a property south of Brisbane.\nMinion was found in a critical condition on Saturday morning, but died on the scene of the attack on Ison Rd, Greenbank.\nMinion was a meter reader for Downer Group\u2019s Skilltech, a subcontractor used by Energex.\nA spokesperson for Downer Group said Minion had worked as a meter reader for more than seven years.\n\u201cWe all go to work every day with safety front of mind but sometimes something completely unexpected can occur.\u201d"}