{"article_id": "6342464466333722628", "keywords": ["nederland", "dog", "incident", "happened", "area", "man", "deputy", "attacked", "woman", "injured", "moose", "cpw", "near"], "title": "2 people, dog attacked by moose near Nederland", "url": "https://kdvr.com/news/local/reports-of-moose-attack-near-nederland/", "domain": "kdvr.com", "authors": ["Dara Bitler"], "summary": "BOULDER COUNTY, Colo. (KDVR) \u2014 Colorado Parks and Wildlife says a man, woman and dog were injured after being charged by a moose near the West Magnolia Trailhead near Nederland on Wednesday morning.\nThe deputy tried to scare off the moose by firing bean bags rounds at it.\nThen, while the deputy was helping the two injured people, the moose returned.\nThe deputy fired a warning shot and the moose left the area a second time.\nCPW said both of those incidents were from cows that exhibited defensive behavior near their calves."}