{"article_id": "9500775144845341505", "keywords": ["beach", "diego", "boethel", "say", "crime", "city", "warrants", "issue", "spoke", "department", "ocean", "man", "dog", "attacking", "san", "nbc", "walking"], "title": "San Diego Police Issue Warrants for 4 Accused of Attacking Ocean Beach Man Walking His Dog", "url": "https://www.nbcsandiego.com/news/local/san-diego-police-issue-warrants-for-4-accused-of-attacking-ocean-beach-man-walking-his-dog/3112930/", "domain": "nbcsandiego.com", "authors": [], "summary": "The San Diego Police Department has issued arrest warrants for people accused of assaulting a man who was walking his dog on Newport Avenue in Ocean Beach last month.\nGet San Diego local news, weather forecasts, sports and lifestyle stories to your inbox.\nSign up for NBC San Diego newsletters.\nAggravated assaults in Ocean Beach are on the rise, according to city crime data.\nThe San Diego Police Department will continue to quickly respond to calls for service and work proactively to keep our neighborhoods safe."}