{"article_id": "18445056424719241073", "keywords": ["pretty", "im", "bit", "woman", "dog", "dogs", "end", "good", "facing", "charges", "local", "charged", "attack", "victim", "man", "pit"], "title": "Woman facing charges after two dogs attack local man, victim says it is not enough", "url": "https://www.wpxi.com/news/local/man-facing-charges-after-two-dogs-attack-local-man/FUHH5VYHNNET5LYM6DMNDKMDKI/", "domain": "wpxi.com", "authors": ["Gabriella Deluca"], "summary": "Woman facing charges after two dogs attack local man, victim says it is not enoughDUQUESNE \u2014 \u201cI\u2019m a licensed carrier.\nHe has a broken thumb, and he had to get stitches after the dogs bit him repeatedly.\nI heard it crack when the dog bit me, like a bone.\n\u201cHe\u2019s healing pretty good.\nHe\u2019s a soldier he took a pretty good beating,\u201d he added."}