{"article_id": "11847447833779613488", "keywords": ["injuries", "lifethreatening", "man", "caerphilly", "hospital", "officers", "information", "taken", "dog", "attack", "woman", "suffers"], "title": "Woman suffers life-threatening injuries after dog attack", "url": "https://www.walesonline.co.uk/news/wales-news/woman-suffers-life-threatening-injuries-25675024", "domain": "walesonline.co.uk", "authors": ["Nathan Bevan", "Reem Ahmed", "Image", "Walesonline"], "summary": "Three people have been arrested after a dog attack which left an elderly woman in hospital with life-threatening injuries.\nPolice officers were called to an address in Heol Fawr, Caerphilly, at around 3.15pm on Saturday December 3, following reports of a dog attack.\nAn 83-year-old woman has been taken to hospital with life-threatening injuries and a 55-year-old man has been taken to hospital with minor injuries, Gwent Police said in a statement.\nThe dog was seized by officers and has been destroyed.\nIt is possible that you may see ongoing police activity in Caerphilly as part of this work, but please do not be alarmed."}