{"article_id": "2973455212065379805", "keywords": ["woman", "guntersville", "pit", "angel", "euthanized", "havoc", "ruled", "told", "attacking", "2021", "court", "bull", "advertisergleam", "jackson", "yoste"], "title": "Guntersville pit bull to be euthanized after attacking woman in September 2021", "url": "https://www.waff.com/2022/12/06/guntersville-pit-bull-be-euthanized-after-attacking-woman-september-2021/", "domain": "waff.com", "authors": [], "summary": "GUNTERSVILLE, Ala. (WAFF) - The Alabama Supreme Court has ruled that the Guntersville pit bull that attacked a woman in 2021 can be put to death.\nIn January, the Marshall County Circuit Court ruled that Havoc was a dangerous dog and should be euthanized.\nIn September of 2021, Havoc attacked Teri Angel causing significant injuries to Angel\u2019s head and arms.\nThen in December 2021, the municipal court in Guntersville ruled that Havoc was a dangerous dog but his owner Valina Jackson filed an appeal.\nJackson told the Advertiser-Gleam that she is not giving up and that everyone is entitled to a jury trial."}