{"article_id": "17306475480287036038", "keywords": ["authorities", "dogs", "council", "breeds", "pit", "dozens", "dog", "figures", "bulls", "rise", "recorded", "reported", "local", "involving", "attacks", "bull", "incidents"], "title": "Pit bull dog attacks on the rise as figures show dozens of incidents reported to local authorities", "url": "https://www.independent.ie/irish-news/pit-bull-attacks-on-the-rise-as-figures-show-dozens-of-incidents-reported-to-local-authorities-42195048.html", "domain": "independent.ie", "authors": [], "summary": "Photo: Stock imageDozens of attacks involving pit bulls are being reported to local authorities, new figures show.\nIn Co Wexford, where nine-year-old Alejandro Miszan was mauled by a pit bull cross in a housing estate just over a week ago, there have been 54 incidents involving pit bulls since 2017.\nThe Irish Independent contacted all local authorities for data on pit bull attacks in the last six years.\nIn Tipperary, the council has received seven complaints of attacks involving pit bulls since 2016.\nGarda\u00ed were asked for a breakdown of pit bull attacks but said this would take time."}