{"article_id": "14165477784324028573", "keywords": ["mob", "pa", "salieu", "mr", "disorder", "okosisiezeanyika", "young", "involved", "judge", "violent", "glasgow", "victim", "attack", "man", "lone", "jailed", "rapper"], "title": "Rapper Pa Salieu jailed for his part in \u2018mob\u2019 attack on lone victim", "url": "https://www.newsandstar.co.uk/news/national/23166521.rapper-pa-salieu-jailed-part-mob-attack-lone-victim/", "domain": "newsandstar.co.uk", "authors": [], "summary": "Rap star Pa Salieu has been jailed for two years and nine months for his part in an attack on a lone victim launched shortly after his best friend was stabbed to death.\nFollowing his arrest, the court heard, Salieu, from Hillfields, Coventry, told police Mr Glasgow was his best friend and then exercised his right to silence.\nThe footage also caught Salieu \u2013 wearing a white top \u2013 hurling a bottle and climbing railings as Mr Okosisi-Ezeanyika was pursued.\nThe attack on Mr Okosisi-Ezeanyika occurred after those \u201crunning him to ground\u201d had witnessed him being attacked near Club M, Judge Cooke said.\nWest Midlands Police Detective Inspector Michelle Allen said: \u201cThis violent disorder led to the tragic death of a young man."}