{"article_id": "5493989630038434841", "keywords": ["sheriffs", "reunited", "victims", "family", "shooting", "vehicle", "walker", "toddler", "ravenell", "suspect", "north", "arrested", "believed", "county", "wcsc", "deadly", "double", "orangeburg", "taken"], "title": "1 arrested, toddler believed taken reunited with family after deadly double shooting", "url": "https://www.wistv.com/2022/06/16/man-arrested-toddler-believed-taken-reunited-with-family-after-deadly-double-shooting/", "domain": "wistv.com", "authors": [], "summary": "A one-and-a-half-year-old child believed to have been taken from the home has been reconnected with his family after being found safe in Dorchester County, sheriff\u2019s spokesman Richard Walker said.\nOrangeburg County deputies were called to a home on Wesgar Avenue near Eutawville Wednesday where they found two people dead.\nInvestigators followed leads to North Charleston, where they found the vehicle belonging to the victims, Walker said.\n\u201cThat information, in turn, led to the suspect,\u201d Walker said.\n\u201cThis is what you can expect if you consider doing something like this.\u201dAnyone with information is asked to call the Orangeburg County Sheriff\u2019s Office at 803-534-3550 or Crimestoppers at 1-888-CRIME-SC."}