{"article_id": "4137772702282444086", "keywords": ["wrote", "mountain", "bay", "drags", "wildlife", "property", "kracker", "outside", "facebook", "enters", "dog", "area", "shock", "animal", "lions", "lion"], "title": "'Shock': Mountain lion enters Bay Area home, drags dog outside", "url": "https://www.sfgate.com/bayarea/article/mountain-lion-bay-area-home-17637691.php", "domain": "sfgate.com", "authors": ["Amy Graff"], "summary": "\"My neighbor was able to get here 10 minutes later and took a shot at the mountain lion.\nHe missed by all accounts, but it did make the mountain lion run off\u2026 as did Sherman!\"\n\"It was an older mountain lion so perhaps it wasn\u2019t as good at chasing down deer as it used to be.\"\nGetty Images/iStockphotoKracker said the word \"shock\" describes how she felt when she realized a mountain lion was attacking her dog inside her home.\nLater that evening, she stepped outside with the dogs and saw the mountain lion sitting about 20 feet away on a neighbor's fence."}