{"article_id": "792887943181913237", "keywords": ["family", "injuries", "lifethreatening", "caerphilly", "passed", "community", "83", "repercussions", "having", "dog", "attack", "woman", "previous", "area", "suffers", "estate"], "title": "Caerphilly: Woman, 83, suffers life-threatening injuries in dog attack", "url": "https://www.bbc.com/news/uk-wales-politics-63858962", "domain": "bbc.com", "authors": [], "summary": "\"But it's not just the family, it's the community in the area.\nWe have just passed the anniversary of the previous dog attack on the estate which is still having its repercussions. \""}