{"article_id": "2226479039149418056", "keywords": ["dogs", "wrong", "man", "attacks", "straight", "separate", "convicted", "went", "dog", "try", "belfast", "american", "total"], "title": "Belfast man convicted of 3 separate dog attacks", "url": "https://www.belfastlive.co.uk/news/belfast-news/belfast-man-convicted-3-separate-25689945", "domain": "belfastlive.co.uk", "authors": ["Jilly Beattie"], "summary": "Something went wrong, please try again later.\nInvalid email Something went wrong, please try again later.\nJamie Hall, 45, of Belvoir Drive, Belfast, also convicted of two breaches of control conditions placed on his American Bulldog.\nRead more: Assistance dog leads housebound Charlotte to freedom after 15 years trapped indoorsHe was convicted and fine on on December 6, 2022 at Belfast Magistrate's Court.\nREAD NEXT:To get the latest dog news straight to your inbox, sign up to our free newsletter"}