{"article_id": "2465808560957488128", "keywords": ["dogs", "terrier", "man", "arrested", "place", "attacks", "thirlmere", "second", "newport", "dead", "large", "message", "dog", "took", "leave"], "title": "Man arrested after two dog attacks in Newport leave third dog dead", "url": "https://www.southwalesargus.co.uk/news/23172720.man-arrested-two-dog-attacks-newport-leave-third-dog-dead/", "domain": "southwalesargus.co.uk", "authors": ["Dan Barnes"], "summary": "A MAN has been arrestedd following two dog attacks in Newport which police believe to be linked - one leading to the death of another dog.\nThe first incident took place on Thirlmere Place in Newport on Saturday, December 3.\nA second dog, a patterjack terrier, was also reportedly attacked by two large dogs later that same day.\nPolice believe that the same two large dogs were involved in both incidents.\nA third dog, a German shepherd/Belgian malinois-type dog, was seized at the scene on Thirlmere Place."}