{"article_id": "17286166113805394112", "keywords": ["family", "attack", "traumatising", "council", "children", "pet", "campbell", "dogs", "investigation", "leave", "shelby", "dog", "shocked", "mauled", "doesnt", "stop"], "title": "Family pet \u2019shocked and mauled\u2019 in traumatising attack", "url": "https://cqtoday.com.au/news/2022/12/18/family-pet-shocked-and-mauled-in-traumatising-attack/", "domain": "cqtoday.com.au", "authors": ["Https", "Cqtoday.Com.Au Author Jimjin"], "summary": "By Di StanleyAn Emerald mother says she genuinely fears for the safety of neighbourhood animals and children after her beloved family pet was attacked and mauled by a dog still free to roam the streets.\n\u201cWe\u2019ve had Shelby since she was eight weeks old and she\u2019s very spoiled, so very much a beloved family dog,\u201d Mrs Campbell said.\n\u201cIt doesn\u2019t stop other dogs getting in\u2026 and this dog has got her right next to the (electrified) fence.\nBoth dogs were seen at the back of the acre-block where Shelby had been restrained by the electrified fencing.\nMrs Campbell said she and her husband Phil attempted to speak with dog\u2019s owners, but were fobbed off."}