{"article_id": "14962879494155844885", "keywords": ["dogs", "shot", "prison", "man", "white", "office", "gagas", "fischer", "statement", "dog", "sentenced", "lady", "jackson", "21", "walker"], "title": "Man who shot Lady Gaga's dog walker sentenced to 21 years in prison", "url": "https://www.cbsnews.com/news/lady-gaga-james-howard-jackson-sentenced-to-21-years-in-prison-for-shooting-dog-walker-ryan-fischer/", "domain": "cbsnews.com", "authors": [], "summary": "Lady Gaga's dog walker recalls night he was shot by dognappers in his first TV interviewThe man who shot and wounded Lady Gaga's dog walker while stealing her French bulldogs last year took a plea deal and was sentenced to 21 years in prison on Monday, officials said.\nJackson shot Fischer during the robbery off the famed Sunset Boulevard, during which two of the dogs were taken.\nA nearby doorbell camera recorded the dog walker screaming \"Oh, my God!\nA view of the site where Lady Gaga's dog walker was shot and two of her dogs were stolen in Los Angeles, California, U.S. February 25, 2021.\nThey hit and choked the dog walker, and Jackson pulled out a semiautomatic gun and fired, striking Fischer once before the trio fled."}