{"article_id": "8999324047826663477", "keywords": ["paying", "decision", "happened", "yard", "eorpata", "nearly", "jiang", "dog", "zhang", "lead", "attack", "crt", "tribunal", "dogs", "fords", "owners", "ford", "allegations", "named", "800"], "title": "Dog attack allegations lead to owners paying nearly $800: CRT decision", "url": "https://bc.ctvnews.ca/dog-attack-allegations-lead-to-owners-paying-nearly-800-crt-decision-1.5952164", "domain": "ctvnews.ca", "authors": [], "summary": "dog owners will have to pay nearly $800 after their pet allegedly got out of their property and attacked two other leashed dogs, the provincial civil resolution tribunal ruled.\nSamantha Ford told the tribunal Han Guang Zhang's and Yan Zhi's Kangal shepherd named Eorpata attacked her two leashed dogs after escaping the yard.\nWhen he did that, Eorpata left the yard and chased after Ford and her dogs, the tribunal heard.\nJiang named Eorpata's other owner, Zhi, in his summary, but said she wasn't there during the alleged attack.\nHowever, he admits that he was 'not paying attention to what (Mrs. Ford's) dogs were doing.'"}