{"article_id": "1857497404872863683", "keywords": ["mt", "stay", "rights", "sixmonthold", "young", "family", "unaccompanied", "wnem", "tv5", "pleasant", "updatescopyright", "children"], "title": "Mt. Pleasant Police find family of two young children", "url": "https://www.wnem.com/2022/11/05/mt-pleasant-police-ask-help-find-family-two-young-children/", "domain": "wnem.com", "authors": [], "summary": "PLEASANT, Mich. (WNEM) - Mt.\nPleasant Police announced Saturday evening that the family of two young children found alone early Saturday morning were located.\nOfficers responded to the call at 12:45 a.m. Nov. 5 after receiving reports of a 15 to 18-month-old boy and a four to six-month-old girl found unaccompanied within city limits.\nStay with TV5 on the air and online for updates.\nAll rights reserved."}