{"article_id": "9057861647486250495", "keywords": ["week", "lose", "country", "weather", "local", "christmas", "winter", "attacks", "welfare", "rate", "reported", "\u00e9ireann", "irish", "rise", "morning", "set", "workers", "social", "pit"], "title": "Morning headlines: Social welfare rate set to double for higher earners who lose jobs; Pit bull attacks on the rise as dozens of incidents reported to local authorities", "url": "https://www.independent.ie/news/news-headlines/morning-headlines-social-welfare-rate-set-to-double-for-higher-earners-who-lose-jobs-pit-bull-attacks-on-the-rise-as-dozens-of-incidents-reported-to-local-authorities-42194958.html", "domain": "independent.ie", "authors": [], "summary": "Social welfare shake-up: Workers who lose jobs to get double jobseekers rate, depending on their old salaryHigh-earning workers who lose their jobs would be entitled to social welfare at more than twice the normal rate under proposals to radically overhaul the jobseeker payment.\nWorkers with a history of employment will qualify for welfare rates of up to \u20ac450 under the plans.\nPit bull attacks on the rise as dozens of incidents reported to local authoritiesDozens of attacks involving pit bulls are being reported to local authorities, new figures show.\nIn some of the attacks, other dogs, rabbits and cats were killed, while adults and children also suffered injuries.\nF**k it, let\u2019s get a jet\u2019: How a Cheltenham trip changed the fortunes of Se\u00e1n QuinnThe country was gripped last week by the explosive three-part Quinn Country documentary on RT\u00c9."}