{"article_id": "15812179004499310770", "keywords": ["neighborhood", "casper", "looking", "coyotes", "underdog", "wasnt", "wierwille", "looked", "save", "sheep", "decatur", "kills", "killing", "stacked", "dog", "herd", "killed"], "title": "Underdog: Stacked up against 11 coyotes, herd dog kills 8 to save sheep in Decatur neighborhood", "url": "https://www.11alive.com/article/life/animals/herd-dog-kills-8-coyotes-to-save-sheep-decatur-neighborhood/85-4197e55d-d611-4047-a6c6-f7cbe34e43d5", "domain": "11alive.com", "authors": [], "summary": "DECATUR, Ga. \u2014 When stacked up against a pack of 11 coyotes looking for blood, the expectation of a dog overcoming the odds to defeat them all seems insurmountable.\nDespite being only a 20-month-old Great Pyrenees, the livestock herding dog at a home in Decatur displayed his heroic actions by protecting a herd of sheep last month.\nCasper killed eight coyotes, but it was his disappearance that concerned the owner more.\n\"If he wasn't killed, we figured he was hurt, we knew he was hurt, because we found parts of his tail and blood and other things, so we were worried about him.\"\nDog recovering after fighting off 11 coyotes, killing 8 protecting sheep 1/32/33/3 1 / 3Wierwille praised LifeLine for saving his dog, citing that they took Casper right in with fantastic care and treated him like one of their own."}