{"article_id": "10957627629113544784", "keywords": ["quarantine", "updates", "illinois", "covid", "vaccines", "coronavirus", "symptoms", "positive", "health", "test", "rules", "virus", "vaccine", "kid", "long", "cdc", "covid19", "rollout"], "title": "Illinois Coronavirus Updates: Quarantine Rules, Kid Vaccine Rollout", "url": "https://www.nbcchicago.com/news/coronavirus/illinois-coronavirus-updates-quarantine-rules-kid-vaccine-rollout/2862989/", "domain": "nbcchicago.com", "authors": [], "summary": "Here's what you need to know about the coronavirus pandemic across Illinois today:How Long Do You Quarantine or Isolate for COVID?\nDuPage County to Open Registration for Pediatric COVID Vaccines By FridayThe DuPage County Health Department on Tuesday announced plans for its rollout of COVID vaccines for younger children.\n\"Cook County Health is looking forward to providing COVID-19 vaccines for kids 6 months through 4 years soon!\"\nCOVID Vaccines for Kids Under 5: How Soon Can You Make an Appointment, and Where?\nNegative results, however, may not rule out infection, particularly in those with COVID-19 symptoms, the CDC states."}