{"article_id": "9071679559822450394", "keywords": ["kerala", "feeding", "man", "cousin", "succumbed", "bludgeons", "death", "stayed", "harshad", "hakeem", "perumbrathody", "beaten", "dog", "arrested"], "title": "Kerala: Man bludgeons cousin to death for not feeding dog, arrested", "url": "https://timesofindia.indiatimes.com/city/kochi/kerala-man-bludgeons-cousin-to-death-for-not-feeding-dog-arrested/articleshow/95336660.cms", "domain": "indiatimes.com", "authors": ["Ani"], "summary": "PALAKKAD : Koppam Police on Sunday arrested a person accused of allegedly beating his 21-year-old cousin to death over not feeding his dog, officials said.On Friday, Harshad (21) was allegedly bludgeoned by his cousin, Hakeem (27), for not feeding the latter's dog.Harshad was rushed to the Hospital but succumbed to his injuries while undergoing treatment.\n\"Last Friday, a 21-year-old boy was beaten to death by his cousin in Perumbrathody, Mulayankavu in the Palakkad district of Kerala .\nHarshad was beaten up with a dog belt and a wooden stick.\n\"Broken ribs and internal bleeding were the cause of his death,\" police said further.According to the police, Harshad and Hakeem stayed together and did mobile cable work at Perumbrathody.\nHakeem thrashed Harshad for not feeding his dog."}