{"article_id": "8479042098502736569", "keywords": ["retired", "separate", "citizens", "state", "united", "citizenship", "justice", "3300", "ceremonies", "mcmahon", "killarney", "week", "irish"], "title": "3,300 people to become Irish citizens this week", "url": "https://www.sundayworld.com/news/irish-news/3300-people-to-become-irish-citizens-this-week/1557704572.html", "domain": "sundayworld.com", "authors": ["Neasa Cumiskey"], "summary": "Four separate ceremonies will be held at the Gleneagle Hotel INEC in Killarney on Monday and TuesdayMore than 3,000 people are set to become Irish citizens in Co Kerry this week.\nFour separate ceremonies will be held at the Gleneagle Hotel INEC in Killarney on Monday and Tuesday.\nMany of the Irish citizenship recipients this month hailed from the United Kingdom with 375 applicants, followed by India (326), Pakistan (282), Poland (170), and the United States (102).\nOver the past 11 years, 155,000 people have been conferred with Irish citizenship.\nSince Brexit came into effect in January 2021, there has been a boom in UK nationals seeking Irish citizenship."}