{"article_id": "10652612221818126373", "keywords": ["baker", "chief", "3yearold", "shot", "say", "wafb", "weiland", "yetthe", "typocopyright", "unattended", "gun", "child"], "title": "3-year-old shot in Baker, police say", "url": "https://www.wafb.com/2022/06/21/3-year-old-child-accidentally-shot-baker-police-say/", "domain": "wafb.com", "authors": [], "summary": "(WAFB) - A 3-year-old child shot themselves in Baker Tuesday afternoon, police say.\nAccording to Baker Police Chief Carl Dunn, the toddler\u2019s father left a gun unattended in the home.\nThe 3-year-old picked up the gun and was playing with it when the gun fired.\nWe do have free gun locks at the Baker Police Department,\u201d said Chief Dunn.\nThe chief says the dad is in custody right now and is not facing any charges as of yet."}