{"article_id": "6873744621271535272", "keywords": ["updates", "covid", "doses", "vaccines", "advisers", "dr", "cdc", "vaccine", "data", "shots", "moderna", "children", "young", "recommends"], "title": "Covid Updates: C.D.C. Recommends 2 Covid Vaccines for Very Young Children", "url": "https://www.nytimes.com/live/2022/06/18/world/covid-19-mandates-vaccine-cases", "domain": "nytimes.com", "authors": ["Apoorva Mandavilli", "Maham Javaid", "Adam Bednar"], "summary": "Parents should be able to start getting young children immunized as soon as Tuesday.\nFederal regulators now have authorized the Moderna vaccine for children ages 6 months through 5 years, and the Pfizer-BioNTech vaccine for children ages 6 months through 4 years.\nAll children 6 months and older, including those who have already been infected with the coronavirus, should get a Covid vaccine, Dr. Rochelle P. Walensky, the C.D.C.\u2019s director, said in a statement.\nBoth vaccines are safe, and both produced antibody levels similar to those seen in young adults.\nauthorized two shots of the Moderna vaccine, spaced four weeks apart."}