{"article_id": "14876426956399617321", "keywords": ["month", "stray", "daily", "dogs", "indoors", "feral", "cases", "hospital", "hyderabad", "citizens", "authorities", "canines", "fear", "keeps"], "title": "Fear of feral dogs keeps many indoors", "url": "https://tribune.com.pk/story/2385084/fear-of-feral-dogs-keeps-many-indoors", "domain": "tribune.com.pk", "authors": [], "summary": "Citizens are scared of going out or taking a stroll in their streets for fear of feral dogs that roam their neighborhoods in packs.\nMunicipal authorities seem helpless as they have failed to contain the ever-growing population of stray dogs in the city.\nOn a daily basis, the Civil Hospital Hyderabad has been receiving a significant number of people mauled by stray dogs in Hyderabad, Jamshoro and Kotri.\nPacks of stray dogs roam the roads and streets in all densely populated areas of the city deterring people from coming out of their homes during the day or night.\nSimilarly, meat shops, food centers, and hotels are also favorite haunts of stray dogs in the city."}