{"article_id": "9659124808829701651", "keywords": ["laws", "fathers", "barden", "change", "day", "think", "life", "hook", "sandy", "gun", "murdered", "son", "feels", "children", "dad", "young", "violence"], "title": "On Father's Day, I think of my murdered son. Change gun laws so no other dad feels like me.", "url": "https://news.yahoo.com/fathers-day-think-murdered-son-110111361.html", "domain": "yahoo.com", "authors": ["Mark Barden"], "summary": "It\u2019s that hope that keeps me going, day after day, in honor of my son and the thousands of other children murdered by gun violence.\nAlready this year, more than 2,000 youth have been killed or injured by gun violence, according to the Gun Violence Archive, a nonprofit data collection organization.\n1 killer of young children, teenagers and young adults under 25, according to a report by the Johns Hopkins Center for Gun Violence Solutions.\nIf we\u2019ve learned anything from the Sandy Hook tragedy, it\u2019s that no community is immune to gun violence.\nLet's end gun violence."}