{"article_id": "9479633075204469464", "keywords": ["deadly", "degree", "firstdegree", "shooting", "memphis", "bruce", "mpd", "murder", "provides", "counts", "wmc", "toddler", "fight", "details", "charged"], "title": "MPD provides details on deadly toddler shooting", "url": "https://www.wlbt.com/2022/11/06/mpd-provides-details-deadly-toddler-shooting/", "domain": "wlbt.com", "authors": [], "summary": "MEMPHIS, Tenn. (WMC) - Memphis Police Department responded to a shooting on Breedlove Street where three victims were shot.\nAccording to MPD, witnesses said Bruce got into a fight at New Chicago Park with Kavious Askew on Nov. 4.\nJuanita Bruce, 19, was charged with First Degree Murder, 4 counts of Attempted First Degree Murder, and 4 counts of Employment of a Firearm with Intent to Commit to a Felony.\npic.twitter.com/nuv9jBL8ZK \u2014 Memphis Police Dept (@MEM_PoliceDept) November 5, 2022During the fight, she pulled a gun from her purse and started shooting, said police.\nJuanita Bruce, 19, is charged with first-degree murder, four counts of attempted first-degree murder, and four other gun-related charges."}