{"article_id": "15045817842824885771", "keywords": ["dispatch", "calgary", "selection", "review", "attack", "services", "emergency", "health", "fatal", "independent", "dog", "woman", "members", "hqca", "ems", "response"], "title": "Selection made for independent review of EMS response to fatal Calgary dog attack", "url": "https://calgary.ctvnews.ca/selection-made-for-independent-review-of-ems-response-to-fatal-calgary-dog-attack-1.5952047", "domain": "ctvnews.ca", "authors": [], "summary": "Alberta Health Services has announced that the Health Quality Council of Alberta (HQCA) will lead the independent review into the EMS response to a dog attack on a Calgary senior that proved fatal.\nThe review into the emergency response to the June 5 attack in a Capitol Hill alleyway is expected to be completed by September at the latest.\nMayor Jyoti Gondek has claimed centralized EMS dispatch is to blame for the senior's death.\nIn addition to HQCA members, the review team will including Kevin Smith, a systems and strategy officer with B.C.\nEmergency Health Services, as well as Kim Ridgen-Briscall, associate director of the International Academy of Emergency Dispatch."}