{"article_id": "9815750963517064646", "keywords": ["lewis", "iowa", "teen", "escapes", "womens", "times", "sex", "stabbed", "des", "moines", "center", "rapist", "sentence", "brooks", "probation", "killed"], "title": "Iowa teen who killed rapist escapes from probation center", "url": "https://buffalonews.com/news/national/iowa-teen-who-killed-rapist-escapes-from-probation-center/article_6713fe83-b3cf-5ea4-b3ff-4c170105740e.html", "domain": "buffalonews.com", "authors": ["Zach Boyden-Holmes - Member", "The Des Moines Register"], "summary": "DES MOINES, Iowa (AP) \u2014 Iowa authorities say an 18-year-old sex trafficking victim who pleaded guilty to killing a man she said raped her escaped from a women's center where she was serving her probation sentence.\nProsecutors had called the probation sentence she was given in September merciful for a teen who endured horrible abuse, although some questioned the $150,000 restitution she was ordered to pay.\nPolk County Judge David Porter told Lewis that her probation sentence \u201cwas the second chance you asked for.\nYou don\u2019t get a third,\" the Des Moines Register reported.\nLewis was 15 when she stabbed Brooks more than 30 times in a Des Moines apartment."}