{"article_id": "13531891108489527690", "keywords": ["deputies", "recovering", "attacks", "county", "bull", "pit", "neighbor", "owner", "berkeley", "gets", "woman", "elderly", "dog", "attack", "count", "harness", "sc", "loose"], "title": "Pit bull gets loose from harness, attacks elderly SC woman", "url": "https://www.cbs17.com/news/pit-bull-gets-loose-from-harness-attacks-elderly-sc-woman/", "domain": "cbs17.com", "authors": ["Tim Renaud"], "summary": "MONCKS CORNER, S.C. (WCBD) \u2013 A 77-year-old woman is recovering after she was attacked by a dog Tuesday afternoon in Berkeley County.\nThe woman was working in a garden at her Santee Circle home when the attack happened.\nBerkeley County deputies said the owner had the dog in a harness, but the pit bull was able to escape from the restraint and attack the woman.\nOfficials said the dog\u2019s owner told the neighbor to shoot the dog to stop the attack.\nThe owner of the dog was charged with one count of \u201canimal at large\u201d and one count of \u201cpublic disturbance dog attack.\u201d"}