{"article_id": "4733630337638234970", "keywords": ["sign", "email", "man", "shocking", "dogs", "broken", "verifyerrors", "walked", "dog", "sustained", "attack", "free", "bones", "left", "11", "identify", "school", "girl"], "title": "Girl, 11, has bones broken in \u2018shocking and sustained\u2019 dog attack as she walked to school", "url": "https://www.independent.co.uk/news/uk/crime/dog-attack-tower-hamlets-school-b2238902.html", "domain": "independent.co.uk", "authors": [], "summary": "Read our privacy notice Thanks for signing up to theBreaking News email {{ #verifyErrors }}{{ message }}{{ /verifyErrors }}{{ ^verifyErrors }}Something went wrong.\nPlease try again later{{ /verifyErrors }}An 11-year-old girl has been left with serious injuries - including broken bones - after being attacked by a dog on her way to school.\nThe child was taken to hospital after what has been called a \u201cshocking and sustained attack\u201d in east London.\nShe was walking to school at around 8.30am when she passed the man and the two dogs on Ben Jonson Road.\nDetective Inspector Luke Hampton said: \u201cThis was a shocking and sustained attack on a young girl as she walked to school."}