{"article_id": "11236047959883321232", "keywords": ["alleged", "reported", "orme", "rspca", "open", "wounds", "number", "wales", "veterans", "llandudno", "dog", "great", "dies", "attack", "population", "towns", "goat"], "title": "Llandudno: Great Orme goat dies after alleged dog attack", "url": "https://www.bbc.com/news/articles/cn43101ynz6o", "domain": "bbc.com", "authors": [], "summary": "A goat from a north Wales' town's famous population has died after an alleged dog attack.\nNorth Wales Police and the RSPCA said they were investigating after the reported attack in the grounds of the Blind Veterans Centre in Llandudno, Conwy.\nThe goat had a number of injuries, including open wounds, and was put down.\nThe RSPCA said anyone with information about two dogs allegedly attacking the goat should contact the police."}