{"article_id": "489977133341605318", "keywords": ["near", "dog", "village", "injured", "outofcontrol", "villagethree", "durness", "information", "villagepolice", "using", "upan", "attacks", "sheep", "attacked"], "title": "\u2018Out-of-control\u2019 dog attacks sheep near Durness", "url": "https://www.pressandjournal.co.uk/fp/news/highlands-islands/5007238/out-of-control-dog-attacks-sheep-near-durness/", "domain": "pressandjournal.co.uk", "authors": ["Lottie Hood"], "summary": "[[success]] Email address Sign upAn \u201cout-of-control\u201d dog has attacked and injured livestock near a Highland village.\nPolice in north-west Sutherland have launched an appeal for information following the incident on Friday, October 29 near Balnakeil Craft Village, Durness.\nA dog attacked and injured several sheep in fields near the village.\nThree ewes sustained facial and neck injuries in the attack.\nOfficers are asking anyone with information to contact police at Rhiconich via 101 and using reference number CR/87686/22."}