{"article_id": "1551751943394536667", "keywords": ["dogs", "61yearold", "wells", "route", "worker", "attack", "mauled", "florida", "24", "broke", "rock", "postal", "dies", "attacked"], "title": "61-Year-Old Florida Postal Worker Dies After Being Mauled By Five Dogs On Her Route", "url": "https://www.msn.com/en-us/news/crime/61-year-old-florida-postal-worker-dies-after-being-mauled-by-five-dogs-on-her-route/ar-AA113kxg%3Fli%3DBBnbfcL", "domain": "msn.com", "authors": [], "summary": "\u00a9 Provided by littlethings.com postal-workerA horrific incident in Florida has left a 61-year-old postal worker dead.\nSheriff's officials say that Pamela Jane Rock of Melrose, Florida, was killed after being attacked by five dogs.\nThe postal worker was on her route when her vehicle apparently broke down in the rural Interlachen Lake Estates area.\nA 61-year-old postal carrier died after being attacked by five dogs in rural northern Florida after her vehicle broke down over the weekend, sheriff's officials say.\nPostal worker dies after pack of dogs attack her in Florida https://t.co/WGOOhy1Fdi \u2014 Washington Examiner (@dcexaminer) August 24, 2022Wells said the dogs had escaped from their fenced-in yard prior to the attack."}