{"article_id": "10602346887140966202", "keywords": ["18monthold", "north", "woman", "bruce", "shooting", "apartments", "according", "fight", "memphis", "identified", "toddler", "girl", "shot", "killed"], "title": "18-month-old girl identified after being shot and killed during fight at North Memphis apartments", "url": "https://www.fox13memphis.com/news/local/18-month-old-girl-identified-after-being-shot-killed-during-fight-north-memphis-apartments/WOGECY6AGNALBHPNQXM6UIHDKI/", "domain": "fox13memphis.com", "authors": ["News Staff"], "summary": "WATCH: New details released after 18-month-old girl shot and killed at North Memphis apartmentsMEMPHIS, Tenn. \u2014 FOX13 has learned new details about the death of a toddler who was shot and killed in North Memphis.\nThe shooting happened Friday around 4:45 p.m. at an apartment complex on Breedlove Street, according to the Memphis Police Department (MPD).\nPHOTOS: Toddler shot to death at Memphis apartmentsThe gunfire left 18-month-old Karlie Wright dead, according to an affidavit.\nMPD said a woman identified as Juanita Bruce, 19, turned herself in a short time after the shooting.\nMORE: Woman charged after 18-month-old girl killed in North Memphis shooting, police sayWitnesses at the scene said Bruce had been in a fight with the woman who was shot in the leg."}